# Ukrainian (uk) interface catalog. Columns, separated by a TAB:
#   context <TAB> English source <TAB> translation
#   context    empty (WordCraft uses no contexts yet)
#   source     the English text exactly as in the code (tl!(...), ribbon labels, command labels)
#   escapes    \n  \t  \\ inside a column. `{name}` placeholders must appear in both columns,
#              and a trailing "…" in one needs one in the other.
#   Lines starting with # and blank lines are ignored. A missing entry shows in English.
#
# Clean room: translated from the meaning of the English labels in this repository.
# No Microsoft Word or other product localisation was consulted or copied.
# Product, format and technology names (WordCraft, PDF, Markdown, MCP …) stay in Latin letters.
# Author: @dmatviichuk with Codex; licensed MIT OR Apache-2.0, like WordCraft.

	(no style)	(без стилю)
	(no suggestions)	(немає пропозицій)
	1.5 Line Spacing	Міжрядковий інтервал 1,5
	A free, open-source word processor written from scratch in Rust.\nPart of the Crafting Apps from the ArtCraft team.	Безкоштовний текстовий процесор із відкритим кодом, написаний з нуля мовою Rust.\nЧастина Crafting Apps від команди ArtCraft.
	About	Про програму
	About WordCraft	Про WordCraft
	Accept	Прийняти
	Accept All Changes	Прийняти всі зміни
	Accept This Change	Прийняти цю зміну
	Accessibility	Доступність
	Add	Додати
	Add a comment	Додати коментар
	Add a Table	Додати таблицю
	Add Object to Selection	Додати об'єкт до виділення
	Add Space Before Paragraph	Додати інтервал перед абзацом
	Add space between Asian and Latin text	Додавати інтервал між азійським і латинським текстом
	Add space between Asian text and numbers	Додавати інтервал між азійським текстом і числами
	Add tab stop at:	Додати позицію табуляції:
	Add Text	Додати текст
	Add to Dictionary	Додати до словника
	Add to Style Gallery	Додати до колекції стилів
	Address Block	Блок адреси
	Address:	Адреса:
	Address\nBlock	Блок\nадреси
	Adjust	Налаштувати
	Advanced	Додатково
	Advanced Find	Розширений пошук
	Advanced Find…	Розширений пошук…
	After:	Після:
	Agents	Агенти
	Align	Вирівняти
	Align Left	Вирівняти ліворуч
	Align Right	Вирівняти праворуч
	Aligned at:	Позиція номера:
	Alignment	Вирівнювання
	All Borders	Усі межі
	All Caps	Усі великі літери
	All caps	Усі великі літери
	All Markup	Усі позначки
	Allow hanging punctuation	Дозволити висячу пунктуацію
	Allow Latin text to wrap in the middle of a word	Дозволити розрив латинського тексту посеред слова
	Alt Text	Альтернативний текст
	Apply Asian line-breaking rules (kinsoku)	Застосовувати азійські правила розриву рядків (кінсоку)
	Apply Character Style	Застосувати стиль символів
	Apply Style	Застосувати стиль
	Arrange	Упорядкувати
	Arrange\nAll	Упорядкувати\nвсі
	Arrow	Стрілка
	Artistic Effects	Художні ефекти
	Asian Typography	Азійська типографіка
	Author	Автор
	AutoCorrect Options	Параметри автовиправлення
	AutoFit	Добір розміру
	AutoFit Contents	Добір розміру за вмістом
	AutoFit Window	Добір розміру за шириною вікна
	Automatic	Автоматично
	Automatic ({language})	Автоматично ({language})
	Automatic follows your system's language. Menus and commands change; your documents don't.	Автоматичний режим використовує мову вашої системи. Змінюються меню й команди, а вміст документів залишається незмінним.
	Automatic Table 1 (3 levels)	Автоматичний зміст 1 (3 рівні)
	Automatic Table 2 (2 levels)	Автоматичний зміст 2 (2 рівні)
	AutoSave	Автозбереження
	AutoSave saves every change to the file (needs a saved document)	Автозбереження записує кожну зміну у файл (документ потрібно спочатку зберегти)
	AutoSave isn't available in the browser: it can't write to your files. Save downloads a copy.	Автозбереження недоступне в браузері: воно не може записувати у ваші файли. Збереження завантажує копію.
	AutoSave only keeps .docx, .odt and .rtf files; {name} can't keep all formatting. Save as .docx to turn on AutoSave.	Автозбереження підтримує лише файли .docx, .odt і .rtf; {name} не може зберегти все форматування. Збережіть як .docx, щоб увімкнути автозбереження.
	Balloons	Виноски
	Bullet	Маркер
	By author	За автором
	Changed lines:	Змінені рядки:
	Click level to modify:	Виберіть рівень для змінення:
	Color only	Лише колір
	Define New Multilevel List	Визначити новий багаторівневий список
	Define New Multilevel List…	Визначити новий багаторівневий список…
	Deletions:	Видалення:
	Enter formatting for number:	Вигляд номера:
	Follow number with:	Після номера:
	Formatting	Форматування
	Include level number from:	Додати номер рівня:
	Ink	Рукописні примітки
	Insertions and Deletions	Вставлення й видалення
	Insertions:	Вставлення:
	Left border	Ліва межа
	Legal style numbering	Юридична нумерація
	Link level to style:	Зв'язати рівень зі стилем:
	List Definition	Визначення списку
	Nothing	Нічого
	Number alignment:	Вирівнювання номера:
	Number format	Формат номера
	Number style for this level:	Стиль номера для цього рівня:
	Outside border	Зовнішня межа
	Restart list after:	Почати список знову після:
	Right border	Права межа
	Save the document to turn on AutoSave	Збережіть документ, щоб увімкнути автозбереження
	Save the document to turn on AutoSave (a file you have only opened isn't rewritten until you save it)	Збережіть документ, щоб увімкнути автозбереження (файл, який ви лише відкрили, не перезаписується, доки ви його не збережете)
	AutoText	Автоматичний текст
	Backspace	Видалити попередній символ
	Banded Columns	Смугасті стовпці
	Banded Rows	Смугасті рядки
	Before:	Перед:
	Bibliography	Бібліографія
	Binary assets added	Додано двійкових ресурсів
	Binary assets removed	Видалено двійкових ресурсів
	Blank	Порожній
	Blank (Three Columns)	Порожній (три стовпці)
	Blank document	Порожній документ
	Blank Page	Порожня сторінка
	Block\nAuthors	Блокувати\nавторів
	Bold	Напівжирний
	Bookmark	Закладка
	Bookmark name:	Назва закладки:
	Border Painter	Пензель меж
	Border\nPainter	Пензель\nмеж
	Borders	Межі
	Tab stop position:	Позиція табуляції:
	Default tab stops:	Типові позиції табуляції:
	Tab stops to be cleared:	Позиції, які буде видалено:
	All	Усі
	Decimal	Десяткова
	Bar	Риска
	Leader	Заповнювач
	Set	Встановити
	Page Border	Межа сторінки
	Apply to:	Застосувати до:
	Whole document	Увесь документ
	This section	Цей розділ
	Fill	Колір заливки
	Setting:	Тип:
	3-D	Об'ємна
	Custom	Власна
	Style:	Стиль:
	Dot dash	Штрихпунктирна
	Triple	Потрійна
	Between	Між абзацами
	Borders and Shading	Межі й заливка
	Tabs…	Табуляція…
	Borders and Shading…	Межі й заливка…
	Bottom Border	Нижня межа
	Bottom Margin	Нижнє поле
	Bottom of Page	Унизу сторінки
	Bottom:	Знизу:
	Box	Рамка
	Breaks	Розриви
	Bring Forward	Перемістити вперед
	Bullet Library	Колекція маркерів
	Bullets	Маркери
	Calendar	Календар
	Cancel	Скасувати
	Capitalize Each Word	Кожне слово з великої літери
	Captions	Підписи
	Cell Margins	Поля клітинки
	Cell Size	Розмір клітинки
	Cell\nMargins	Поля\nклітинки
	Center	По центру
	Change	Змінити
	Change Case	Змінити регістр
	Change List Level	Змінити рівень списку
	Change Picture	Змінити зображення
	Change Shape	Змінити фігуру
	Changes	Зміни
	Character Position	Положення символів
	Character Scale	Масштаб символів
	Character Shading	Заливка символів
	Character Spacing	Інтервал між символами
	Characters	Символи
	Characters (no spaces)	Символи (без пробілів)
	Characters (with spaces)	Символи (з пробілами)
	Chart	Діаграма
	Check Accessibility	Перевірити доступність
	Check Compatibility	Перевірити сумісність
	Check for Errors	Перевірити наявність помилок
	Check Spelling as You Type	Перевіряти правопис під час введення
	Check\nAccessibility	Перевірити\nдоступність
	Citation Style	Стиль цитування
	Citations & Bibliography	Цитати й бібліографія
	Clear	Очистити
	Clear All	Очистити все
	Clear All Formatting	Очистити все форматування
	Clear Character Formatting	Очистити форматування символів
	Clear Character Style	Очистити стиль символів
	Clear Formatting Level	Очистити рівень форматування
	Clear Paragraph Formatting	Очистити форматування абзацу
	Click a border between two cells to merge them. Esc stops.	Клацніть межу між двома клітинками, щоб об'єднати їх. Esc завершує.
	Clipboard	Буфер обміну
	Clipboard Pane	Панель буфера обміну
	Clipboard Items	Елементи буфера обміну
	Paste Clipboard Item	Вставити елемент буфера обміну
	Paste All	Вставити все
	Delete Clipboard Item	Видалити елемент буфера обміну
	Click an item to paste it.	Клацніть елемент, щоб вставити його.
	Nothing collected yet. Items you copy or cut appear here.	Поки що порожньо. Тут з'являться елементи, які ви скопіюєте або виріжете.
	(picture or object)	(зображення або об'єкт)
	Close	Закрити
	Close Header and Footer	Закрити колонтитули
	Collapse Selection	Зняти виділення
	Color	Колір
	Color:	Колір:
	Colors	Кольори
	Column	Стовпець
	Column Break	Розрив стовпця
	Columns	Стовпці
	Combine	Об'єднати
	Commands	Команди
	Comment	Коментар
	Comments	Коментарі
	Comments Pane	Панель коментарів
	Community\nDiscord	Спільнота\nDiscord
	Compact	Компактний
	Compare	Порівняти
	Compress Pictures	Стиснути зображення
	Compress punctuation at the start of a line	Стискати розділові знаки на початку рядка
	Continuous	Безперервний
	Convert	Перетворити
	Convert Text to Table	Перетворити текст на таблицю
	Convert Text to Table…	Перетворити текст на таблицю…
	Convert to Text	Перетворити на текст
	Copy	Копіювати
	Copy Formatting	Копіювати форматування
	Corrections	Виправлення
	Count words in text boxes and notes	Рахувати слова в текстових полях і виносках
	Cover Page	Титульна сторінка
	Create	Створити
	Create a Style	Створити стиль
	Create an interactive outline of your document.\n\nIt's a great way to keep track of where you are or quickly move your content around.\n\nTo get started, go to the Home tab and apply Heading styles to the headings in your document.	Створіть інтерактивний план документа.\n\nТак ви зможете легко орієнтуватися в документі й швидко переміщувати його вміст.\n\nЩоб почати, відкрийте вкладку «Основне» й застосуйте стилі заголовків до заголовків у документі.
	Create New Style	Створити новий стиль
	Crop	Обітнути
	Cross-reference	Перехресне посилання
	Current Position	Поточне положення
	Current style: {style}	Поточний стиль: {style}
	Custom Margins…	Власні поля…
	Custom Watermark	Власний водяний знак
	Custom Watermark…	Власний водяний знак…
	Customize Quick Access Toolbar	Налаштувати панель швидкого доступу
	Cut	Вирізати
	Dark Mode	Темний режим
	Dashed	Штрихова
	Data	Дані
	Date & Time	Дата й час
	Decrease Font Size	Зменшити розмір шрифту
	Decrease Indent	Зменшити відступ
	Default	Типовий
	Define New Bullet	Визначити новий маркер
	Define New Number Format	Визначити новий формат номера
	Delete	Видалити
	Delete Cells	Видалити клітинки
	Delete Columns	Видалити стовпці
	Delete Comment	Видалити коментар
	Delete Next Word	Видалити наступне слово
	Delete Previous Word	Видалити попереднє слово
	Delete Rows	Видалити рядки
	Delete Style	Видалити стиль
	Delete Table	Видалити таблицю
	Design	Дизайн
	Drag a rectangle to draw a table, or a line across cells to split them. Esc stops.	Перетягніть прямокутник, щоб намалювати таблицю, або лінію через клітинки, щоб їх розділити. Esc завершує.
	Draw Table	Намалювати таблицю
	Edit Comment	Редагувати коментар
	Left Margin	Ліве поле
	Indents and Spacing	Відступи й інтервали
	Line breaking	Розрив рядків
	More templates →	Більше шаблонів →
	No templates match your search.	Немає шаблонів, що відповідають пошуку.
	Reopen	Відкрити знову
	Right Margin	Праве поле
	Search for templates	Пошук шаблонів
	development build	Збірка для розробки
	Diagonal	Діагональ
	Diamond	Ромб
	Dictate	Диктувати
	Different First Page	Інша перша сторінка
	Different Odd & Even Pages	Різні парні й непарні сторінки
	Direct formatting	Пряме форматування
	Discord	Discord
	Discord community	Спільнота Discord
	Display	Відображення
	Display for Review	Відображення для рецензування
	Distribute Columns	Розподілити стовпці
	Distribute Rows	Розподілити рядки
	Distributed	Розподілений
	Do Not Show in TOC	Не показувати у змісті
	Document End	Кінець документа
	Document Formatting	Форматування документа
	Document Property	Властивість документа
	Document Start	Початок документа
	Document Text	Текст документа
	Document Title	Назва документа
	Documents you open will show up here.	Тут з'являтимуться документи, які ви відкриваєте.
	Dot-dash	Штрихпунктирна
	Dotted	Пунктирна
	Double	Подвійна
	Double Spacing	Подвійний інтервал
	Double Strikethrough	Подвійне закреслення
	Double Underline	Подвійне підкреслення
	Down	Униз
	Draft	Чернетка
	Draw	Малювання
	Drawing Tools	Знаряддя малювання
	Drawing\nCanvas	Полотно\nмалювання
	Drop Cap	Буквиця
	Drops all formatting and pastes plain text.	Відкидає все форматування й вставляє звичайний текст.
	Edit Footer	Редагувати нижній колонтитул
	Edit Header	Редагувати верхній колонтитул
	Edit Recipient List	Редагувати список одержувачів
	Edit\nRecipient List	Редагувати\nсписок одержувачів
	Edited	Відредаговано
	Editing	Редагування
	Editing header/footer	Редагування колонтитула
	Editing — edit the document directly	Редагування — безпосередні зміни в документі
	Editor	Редактор
	Effects	Ефекти
	Emboss	Рельєф
	Encrypt with Password	Зашифрувати паролем
	English (United States)	Англійська (США)
	Engrave	Гравіювання
	Enter page number:	Введіть номер сторінки:
	Envelopes	Конверти
	Equation	Рівняння
	Eraser	Гумка
	Even Page	Парна сторінка
	Every command is available to scripts and AI agents: run `wordcraft-cli mcp` for an MCP server, or start the app with `--control <port>` for the JSON control channel.	Кожна команда доступна сценаріям і агентам ШІ: запустіть `wordcraft-cli mcp` для сервера MCP або відкрийте програму з `--control <port>` для каналу керування JSON.
	Export	Експорт
	Export a copy to share (PDF, Word document)	Експортувати копію для спільного доступу (PDF, документ Word)
	Export Page as PNG	Експортувати сторінку у PNG
	Export PDF	Експортувати PDF
	Exported {path}	Експортовано {path}
	Extend Selection	Розширити виділення
	Field	Поле
	File	Файл
	Find	Знайти
	Find and Replace	Знайти й замінити
	Find Next	Знайти наступне
	Find Previous	Знайти попереднє
	Find Recipient	Знайти одержувача
	Find what:	Знайти:
	Finish	Завершити
	Finish & Merge	Завершити й об'єднати
	Finish &\nMerge	Завершити й\nоб'єднати
	First Column	Перший стовпець
	First commit	Перший коміт
	First line:	Перший рядок:
	Fixed Column Width	Фіксована ширина стовпця
	Focus	Зосередження
	Font	Шрифт
	Font Color	Колір шрифту
	Font color:	Колір шрифту:
	Font Dialog	Діалог шрифту
	Font Size	Розмір шрифту
	Font:	Шрифт:
	Fonts	Шрифти
	Footer	Нижній колонтитул
	Footnote and Endnote	Виноски й кінцеві виноски
	Footnotes	Виноски
	Format	Формат
	Format Page Numbers	Формат номерів сторінок
	Format Page Numbers…	Формат номерів сторінок…
	Format Painter	Пензель форматування
	Formatted Text	Форматований текст
	Formatting at Selection	Форматування виділення
	Formula	Формула
	General	Загальні
	Go To	Перейти
	Go to	Перейти
	Go To (⌘⌥G)	Перейти (⌘⌥G)
	Go To…	Перейти…
	Grab bag	Різне
	Greeting Line	Рядок привітання
	Greeting\nLine	Рядок\nпривітання
	Gridlines	Лінії сітки
	Group	Групувати
	Grow Font 1 Point	Збільшити шрифт на 1 пункт
	Hanging Indent	Виступ першого рядка
	Header	Верхній колонтитул
	Header & Footer	Колонтитули
	Header Row	Рядок заголовка
	Header/Footer Position	Положення колонтитулів
	Heading 1	Заголовок 1
	Heading 2	Заголовок 2
	Heading 3	Заголовок 3
	Headings	Заголовки
	Heart	Серце
	Help	Довідка
	Hidden	Прихований
	Highlight Merge Fields	Виділити поля злиття
	Highlight\nMerge Fields	Виділити\nполя злиття
	Highlighter	Маркер виділення
	Home	Основне
	Horizontal	Горизонтальна
	Horizontal Line	Горизонтальна лінія
	HTML Format	Формат HTML
	Hyphenation	Перенесення слів
	Icons	Піктограми
	Ignore All	Ігнорувати всі
	Illustrations	Ілюстрації
	Immersive	Зосереджений
	Immersive Reader	Зосереджене читання
	Immersive\nReader	Зосереджене\nчитання
	Increase Font Size	Збільшити розмір шрифту
	Increase Indent	Збільшити відступ
	Indent	Відступ
	Indentation	Відступи
	Indents	Відступи
	Index	Покажчик
	Info	Відомості
	Ink to\nMath	Рукопис\nу формулу
	Ink to\nShape	Рукопис\nу фігуру
	Ink\nReplay	Відтворити\nрукопис
	Insert	Вставлення
	Insert Above	Вставити вище
	Insert Below	Вставити нижче
	Insert Caption	Вставити підпис
	Insert Citation	Вставити цитату
	Insert Endnote	Вставити кінцеву виноску
	Insert Footnote	Вставити виноску
	Insert Hyperlink	Вставити гіперпосилання
	Insert Index	Вставити покажчик
	Insert Left	Вставити ліворуч
	Insert Merge Field	Вставити поле злиття
	Insert Merge\nField	Вставити поле\nзлиття
	Insert Right	Вставити праворуч
	Insert Shapes	Вставити фігури
	Insert Table	Вставити таблицю
	Insert Table of Authorities	Вставити покажчик правових джерел
	Insert Table of Figures	Вставити список ілюстрацій
	Insert Table…	Вставити таблицю…
	Insert\nAbove	Вставити\nвище
	Insert\nCaption	Вставити\nпідпис
	Insert\nCitation	Вставити\nцитату
	Insert\nFootnote	Вставити\nвиноску
	Inside Borders	Внутрішні межі
	Inspect Document	Перевірити документ
	Inspect Styles at Selection	Переглянути стилі у виділенні
	Interface language:	Мова інтерфейсу:
	Italic	Курсив
	Join the ArtCraft community on Discord	Приєднатися до спільноти ArtCraft у Discord
	Join us on Discord: discord.gg/artcraft	Приєднуйтеся до нас у Discord: discord.gg/artcraft
	Justify	За шириною
	Keep Lines Together	Не розривати рядки абзацу
	Keep lines together	Не розривати рядки абзацу
	Keep Text Only	Зберегти лише текст
	Keep with Next	Не відривати від наступного
	Keep with next	Не відривати від наступного
	Keeps the fonts and formatting of the copied text.	Зберігає шрифти й форматування скопійованого тексту.
	Labels	Етикетки
	Landscape	Альбомна
	Language	Мова
	Lasso	Ласо
	Last Column	Останній стовпець
	Last commit	Останній коміт
	Layout	Макет
	Layout Summary	Зведення макета
	Left	Ліворуч
	Left Border	Ліва межа
	Left:	Ліворуч:
	Letter	Лист
	Line	Лінія
	Line and Page Breaks	Розриви рядків і сторінок
	Line and Paragraph Spacing	Інтервал між рядками й абзацами
	Line Break	Розрив рядка
	Line delta	Різниця рядків
	Line End	Кінець рядка
	Line Numbers	Номери рядків
	Line Spacing	Міжрядковий інтервал
	Line Spacing Options…	Параметри міжрядкового інтервалу…
	Line spacing:	Міжрядковий інтервал:
	Line Start	Початок рядка
	Lines	Рядки
	Lines added	Додано рядків
	Lines deleted	Видалено рядків
	Link	Посилання
	Link to Previous	Як у попередньому
	Links	Посилання
	Location: {path}	Розташування: {path}
	lowercase	малі літери
	Macros	Макроси
	Mailings	Розсилки
	Manage Sources	Керувати джерелами
	Many pages	Багато сторінок
	Margins	Поля
	Mark Citation	Позначити цитату
	Mark Entry	Позначити елемент
	Mark\nCitation	Позначити\nцитату
	Mark\nEntry	Позначити\nелемент
	Markdown (*.md)	Markdown (*.md)
	Match case	Враховувати регістр
	Match Fields	Зіставити поля
	Matrix	Матриця
	Merge	Об'єднати
	Merge Cells	Об'єднати клітинки
	Merge Formatting	Об'єднати форматування
	Merged PRs	Об'єднані PR
	Mirrored	Дзеркальні
	MIT OR Apache-2.0. Copyright (c) 2026 ArtCraft Team and the WordCraft contributors.	MIT OR Apache-2.0. Авторські права (c) 2026 команди ArtCraft і учасників WordCraft.
	Moderate	Помірні
	Modify Style	Змінити стиль
	Modify…	Змінити…
	Move or Resize	Перемістити або змінити розмір
	Multilevel List	Багаторівневий список
	Multiple Pages	Кілька сторінок
	Name (A–Z)	Назва (А–Я)
	Name:	Назва:
	Narrow  0.5" all	Вузькі — усі по 0,5″
	Navigation	Навігація
	Navigation Pane	Панель навігації
	New	Новий
	New Comment	Новий коментар
	New from Template	Створити з шаблону
	New Paragraph	Новий абзац
	New Style…	Новий стиль…
	New Window	Нове вікно
	New\nComment	Новий\nкоментар
	New\nWindow	Нове\nвікно
	Next	Далі
	Next Change	Наступна зміна
	Next Comment	Наступний коментар
	Next Footnote	Наступна виноска
	Next Page	Наступна сторінка
	Next Record	Наступний запис
	Next Section	Наступний розділ
	No Border	Без меж
	No Color	Без кольору
	No contributor data was built into this copy.	Ця збірка не містить даних про учасників.
	No Markup	Без позначок
	No model credits were built into this copy.	Ця збірка не містить відомостей про моделі.
	No Paragraph Space	Без інтервалу між абзацами
	Nonbreaking Hyphen	Нерозривний дефіс
	Nonbreaking Space	Нерозривний пробіл
	None	Немає
	Normal  1" all	Звичайні — усі по 1″
	Normal Style	Звичайний стиль
	Not available right now	Зараз недоступно
	Not saved	Не збережено
	Not saved yet	Ще не збережено
	Nudge	Злегка зсунути
	Number of columns:	Кількість стовпців:
	Number of rows:	Кількість рядків:
	Numbering	Нумерація
	Object	Об'єкт
	Odd Page	Непарна сторінка
	Office 2003 Default	Типовий Office 2003
	OK	Гаразд
	One	Один
	One Page	Одна сторінка
	Open	Відкрити
	OpenDocument Text (*.odt)	Текст OpenDocument (*.odt)
	Optional Hyphen	М'який перенос
	Options	Параметри
	Orientation	Орієнтація
	Outline	План
	Outline Level	Рівень плану
	Outside Borders	Зовнішні межі
	Oval	Овал
	Page	Сторінка
	Page Background	Тло сторінки
	Page Borders	Межі сторінки
	Page Break	Розрив сторінки
	Page Break Before	Розрив сторінки перед абзацом
	Page break before	Розрив сторінки перед абзацом
	Page Breaks	Розриви сторінок
	Page Color	Колір сторінки
	Page Down	На сторінку вниз
	Page image (*.png)	Зображення сторінки (*.png)
	Page Movement	Переміщення сторінок
	Page Number	Номер сторінки
	Page Setup	Параметри сторінки
	Page Up	На сторінку вгору
	Page Width	Ширина сторінки
	Page width	Ширина сторінки
	Page X of Y	Сторінка X із Y
	Page {page}	Сторінка {page}
	Page {page} of {pages}	Сторінка {page} із {pages}
	Page\nBorders	Межі\nсторінки
	Page\nColor	Колір\nсторінки
	Page\nNumber	Номер\nсторінки
	Pages	Сторінки
	Paragraph	Абзац
	Paragraph Details	Відомості про абзац
	Paragraph Down	На абзац вниз
	Paragraph Settings	Параметри абзацу
	Paragraph Spacing	Інтервал між абзацами
	Paragraph Up	На абзац вгору
	Paragraphs	Абзаци
	Paste	Вставити
	Paste (⌘V)	Вставити (⌘V)
	Paste as:	Вставити як:
	Paste Formatting	Вставити форматування
	Paste Special	Спеціальна вставка
	Paste Special…	Спеціальна вставка…
	Paste: Keep Text Only	Вставлення: зберегти лише текст
	Paste: Merge Formatting	Вставлення: об'єднати форматування
	PDF document (*.pdf)	Документ PDF (*.pdf)
	Pen	Перо
	Pencil	Олівець
	Picture Border	Межа зображення
	Picture Format	Формат зображення
	Picture Styles	Стилі зображень
	Pictures	Зображення
	Plain text (*.txt)	Звичайний текст (*.txt)
	Portrait	Книжкова
	Position	Положення
	Preview Results	Переглянути результати
	Preview\nResults	Переглянути\nрезультати
	Previous	Назад
	Previous Change	Попередня зміна
	Previous Comment	Попередній коментар
	Previous Record	Попередній запис
	Previous Section	Попередній розділ
	Print	Друк
	Print Layout	Макет друку
	Print\nLayout	Макет\nдруку
	Proofing	Перевірка
	Proofing Issues	Проблеми перевірки
	Properties	Властивості
	Protect	Захист
	Protect Document	Захистити документ
	Quick Access Toolbar	Панель швидкого доступу
	Quick Parts	Швидкі фрагменти
	Quick Tables	Швидкі таблиці
	Read Aloud	Читати вголос
	Read Mode	Режим читання
	Read\nAloud	Читати\nвголос
	Read\nMode	Режим\nчитання
	Reads the clipboard's rich text and keeps its formatting.	Читає форматований текст (RTF) із буфера обміну та зберігає його форматування.
	Reads the clipboard's web content and keeps its formatting.	Читає вебвміст із буфера обміну та зберігає його форматування.
	Reading Highlight	Виділення під час читання
	Recent	Останні
	Record Macro	Записати макрос
	Recover Unsaved Documents	Відновити незбережені документи
	Rectangle	Прямокутник
	Redo	Повторити
	Reduce Hanging Indent	Зменшити виступ першого рядка
	References	Посилання
	Reject	Відхилити
	Reject All Changes	Відхилити всі зміни
	Reject Change	Відхилити зміну
	Relaxed	Вільний
	Remove Background	Видалити тло
	Remove Footer	Видалити нижній колонтитул
	Remove Header	Видалити верхній колонтитул
	Remove Hyperlink	Видалити гіперпосилання
	Remove Space After Paragraph	Видалити інтервал після абзацу
	Remove Table of Contents	Видалити зміст
	Remove Watermark	Видалити водяний знак
	Repeat	Повторити
	Repeat Header Rows	Повторювати рядки заголовків
	Replace	Замінити
	Replace All	Замінити все
	Replace Document Text	Замінити текст документа
	Replace with:	Замінити на:
	Replay	Відтворити
	Reply	Відповісти
	Report	Звіт
	Research	Дослідження
	Researcher	Дослідник
	Reset Picture	Скинути зображення
	Reset to Normal	Скинути до звичайного
	Resolve	Вирішити
	Resolved	Вирішено
	Restart at 1	Почати з 1
	Restart Each Page	Починати на кожній сторінці
	Restart Each Section	Починати в кожному розділі
	Restrict Editing	Обмежити редагування
	Restrict\nEditing	Обмежити\nредагування
	Result	Результат
	Results	Результати
	Reverse the order	Зворотний порядок
	Review	Рецензування
	Reviewing	Рецензування
	Reviewing Pane	Панель рецензування
	Reviewing — edits become suggestions	Рецензування — зміни стають пропозиціями
	Rich Text Format (*.rtf)	Форматований текст (*.rtf)
	Rich Text Format (RTF)	Формат RTF (Rich Text Format)
	Right	Праворуч
	Right Border	Права межа
	Right-to-Left Text Direction	Напрямок тексту справа наліво
	Left-to-Right Text Direction	Напрямок тексту зліва направо
	Right:	Праворуч:
	Rotate	Повернути
	Rounded Rectangle	Заокруглений прямокутник
	Rows & Columns	Рядки й стовпці
	Ruler	Лінійка
	Rules	Правила
	Résumé	Резюме
	Save	Зберегти
	Save a copy in another format. Printing goes through a PDF you can print from any viewer.	Збережіть копію в іншому форматі. Для друку створюється PDF, який можна надрукувати з будь-якої програми перегляду.
	Save As	Зберегти як
	Save as Template	Зберегти як шаблон
	Saved	Збережено
	Search Commands	Пошук команд
	Search commands and help	Пошук команд і довідки
	Search document	Пошук у документі
	Section Breaks	Розриви розділів
	Section Properties	Властивості розділу
	Sections	Розділи
	Select	Виділити
	Select All	Виділити все
	Select Cell	Виділити клітинку
	Select Line	Виділити рядок
	Select Objects	Виділити об'єкти
	Select Paragraph	Виділити абзац
	Select Range	Виділити діапазон
	Select Recipients	Вибрати одержувачів
	Select Row	Виділити рядок таблиці
	Select Sentence	Виділити речення
	Select Table	Виділити таблицю
	Select Text	Виділити текст
	Select Text with Similar Formatting	Виділити текст зі схожим форматуванням
	Select Word	Виділити слово
	Select\nRecipients	Вибрати\nодержувачів
	Selection	Виділення
	Selection Pane	Панель виділення
	Send Backward	Перемістити назад
	Sentence case.	Як у реченні.
	Set as Default	Установити як типове
	Set Caret	Установити каретку
	Set Character Formatting	Установити форматування символів
	Set Numbering Value	Установити значення нумерації
	Set Paragraph Formatting	Установити форматування абзацу
	Shading	Заливка
	Shadow	Тінь
	Shape Fill	Заливка фігури
	Shape Format	Формат фігури
	Shape Outline	Контур фігури
	Shape Styles	Стилі фігур
	Shapes	Фігури
	Share	Поділитися
	Shift+Tab	Shift+Tab
	Show	Показати
	Show all formatting marks	Показати всі знаки форматування
	Show all revisions inline	Показувати всі виправлення в тексті
	Show Comments	Показати коментарі
	Show Markup	Показати позначки
	Show Notes	Показати примітки
	Show only comments and formatting in balloons	Показувати у виносках лише коментарі й форматування
	Show revisions in balloons	Показувати виправлення у виносках
	Show rulers	Показати лінійки
	Show the community button in the title bar	Показувати кнопку спільноти в заголовку вікна
	Show/Hide ¶	Показати/приховати ¶
	Show\nComments	Показати\nкоментарі
	Shrink Font 1 Point	Зменшити шрифт на 1 пункт
	Side to Side	Поруч
	Side\nto Side	Поруч
	Signature Line	Рядок підпису
	Single	Одинарний
	Single Spacing	Одинарний інтервал
	Size	Розмір
	Size:	Розмір:
	Small Caps	Малі великі літери
	Small caps	Малі великі літери
	SmartArt	SmartArt
	Sort	Сортувати
	Source code: github.com/storytold/wordcraft	Вихідний код: github.com/storytold/wordcraft
	Space	Пробіл
	Space before/after:	Інтервал перед/після:
	Spacing	Інтервал
	Spacing (pt):	Інтервал (пункти):
	Speech	Мовлення
	Spelling & Grammar	Правопис і граматика
	Spelling &\nGrammar	Правопис і\nграматика
	Spelling Suggestions	Пропозиції правопису
	Split	Розділити
	Split Cells	Розділити клітинки
	Split Table	Розділити таблицю
	Spreadsheet Table	Таблиця електронної таблиці
	Standard Colors	Стандартні кольори
	Star	Зірка
	Start at:	Почати з:
	Start Mail Merge	Почати злиття пошти
	Start Mail\nMerge	Почати злиття\nпошти
	Statistics	Статистика
	Status Bar	Рядок стану
	Strikethrough	Закреслення
	Studio cover	Обкладинка студії
	Studio handbook (sample)	Посібник студії (приклад)
	Style	Стиль
	Style based on:	Стиль на основі:
	Style Inspector	Інспектор стилів
	Style Set	Набір стилів
	Style: APA	Стиль: APA
	Styles	Стилі
	Styles Pane	Панель стилів
	Subscript	Нижній індекс
	Superscript	Верхній індекс
	Switch Modes	Перемкнути режими
	Switch\nModes	Перемкнути\nрежими
	Symbol	Символ
	Symbols	Символи
	Synonyms	Синоніми
	Tab	Табуляція
	Tab character	Символ табуляції
	Table	Таблиця
	Table Column Width	Ширина стовпця таблиці
	Table Design	Дизайн таблиці
	Table Layout	Макет таблиці
	Table of Authorities	Покажчик правових джерел
	Table of Contents	Зміст
	Table of\nContents	Зміст
	Table Properties	Властивості таблиці
	Table Row Height	Висота рядка таблиці
	Table Style Options	Параметри стилю таблиці
	Table Styles	Стилі таблиць
	Tables	Таблиці
	Tabs	Табуляція
	Tabular List	Табличний список
	Text	Текст
	Text Box	Текстове поле
	Text Direction	Напрямок тексту
	Text Effects	Текстові ефекти
	Text Effects and Typography	Текстові ефекти й типографіка
	Text from File	Текст із файлу
	Text Highlight Color	Колір виділення тексту
	Text indent at:	Відступ тексту:
	Text to display:	Текст для відображення:
	Text Wrapping	Обтікання текстом
	Text:	Текст:
	Text\nBox	Текстове\nполе
	Text\nDirection	Напрямок\nтексту
	The clipboard is empty.	Буфер обміну порожній.
	The new style takes the formatting of the current paragraph.	Новий стиль використовує форматування поточного абзацу.
	Theme Colors	Кольори теми
	Theme Fonts	Шрифти теми
	Theme List	Список тем
	Themes	Теми
	Thesaurus	Тезаурус
	Thick	Товста
	Three	Три
	Tight	Щільний
	Top Border	Верхня межа
	Top Margin	Верхнє поле
	Top of Page	Угорі сторінки
	Top:	Зверху:
	Total Row	Рядок підсумків
	Track Changes	Відстежувати зміни
	Track Changes Options	Параметри відстеження змін
	Track Changes: On	Відстеження змін: увімкнено
	Track formatting	Відстежувати форматування
	Tracking	Відстеження
	Translate	Перекласти
	Transparency	Прозорість
	Triangle	Трикутник
	Two	Два
	Type a command, e.g. "insert table"	Введіть команду, наприклад «вставити таблицю»
	Type Text	Ввести текст
	Underline	Підкреслення
	Underline Words Only	Підкреслити лише слова
	Undo	Скасувати
	Undo {action}	Скасувати {action}
	Ungroup	Розгрупувати
	Unformatted Text	Неформатований текст
	Up	Угору
	Update Field	Оновити поле
	Update Index	Оновити покажчик
	Update Style to Match Selection	Оновити стиль за виділенням
	Update Table	Оновити таблицю
	Update Table of Figures	Оновити список ілюстрацій
	Update to Match	Оновити за зразком
	Update to Match Selection	Оновити за виділенням
	UPPERCASE	ВЕЛИКІ ЛІТЕРИ
	User Name	Ім'я користувача
	User name:	Ім'я користувача:
	Version History	Історія версій
	Version {version} ({build})	Версія {version} ({build})
	Vertical	Вертикальна
	Vertical Alignment	Вертикальне вирівнювання
	View	Вигляд
	View Gridlines	Показати лінії сітки
	View State	Стан вигляду
	Views	Вигляди
	Voice	Голос
	Watermark	Водяний знак
	Wave	Хвиля
	Web Layout	Макет вебсторінки
	Web page (*.html)	Вебсторінка (*.html)
	Web\nLayout	Макет вебсторінки
	Whole page	Уся сторінка
	Whole words	Цілі слова
	Wide	Широкі
	Widow/Orphan Control	Не залишати самотні рядки
	Widow/Orphan control	Не залишати самотні рядки
	Wildcards (regex)	Шаблони (регулярні вирази)
	Window	Вікно
	Word Count	Кількість слів
	Word document (*.docx)	Документ Word (*.docx)
	Word Left	На слово ліворуч
	Word Right	На слово праворуч
	WordArt	WordArt
	WordCraft	WordCraft
	Words	Слова
	Words only	Лише слова
	Wrap Text	Обтікання текстом
	Wrap\nText	Обтікання\nтекстом
	Write & Insert Fields	Написання й вставлення полів
	Write a reply	Напишіть відповідь
	Zoom	Масштаб
	Zoom In	Збільшити масштаб
	Zoom Out	Зменшити масштаб
	{group} settings	Параметри групи «{group}»
	{key}+Click to follow link	{key}+клацання, щоб перейти за посиланням
	Browse…	Огляд…
	{words} words	Слів: {words}
	{selected} of {words} words	Слів: {words}; виділено: {selected}
	Apply Styles	Застосувати стилі
	Dark page (white text on black)	Темна сторінка (білий текст на чорному)
	Show documents with their colours inverted, like View › Switch Modes. Saving, printing and PDFs are unchanged.	Показує документи з інвертованими кольорами, як Вигляд › Перемкнути режими. Збереження, друк і PDF не змінюються.
	Only web (http, https) and email (mailto) links can be followed	Можна переходити лише за вебпосиланнями (http, https) і посиланнями на електронну пошту (mailto)
	Scroll ribbon left	Прокрутити стрічку ліворуч
	Scroll ribbon right	Прокрутити стрічку праворуч
	Character Border	Межа символу
	Direction:	Напрямок:
	Right-to-left	Справа наліво
	Left-to-right	Зліва направо
# Zotero integration
	Zotero	Zotero
	Citations	Цитати
	Document	Документ
	Add/Edit\nCitation	Додати/змінити\nцитату
	Add\nNote	Додати\nпримітку
	Add/Edit\nBibliography	Додати/змінити\nбібліографію
	Refresh	Оновити
	Document\nPreferences	Параметри\nдокумента
	Unlink\nCitations	Від'єднати\nцитати
	Waiting for Zotero…	Очікування Zotero…
	Zotero: done	Zotero: готово
	Zotero: cancelled	Zotero: скасовано
	Yes	Так
	No	Ні
# Read Aloud player
	Move Past Citation	Перейти за цитату
	Move Past\nCitation	Перейти\nза цитату
	Next Sentence	Наступне речення
	Previous Sentence	Попереднє речення
	Next sentence	Наступне речення
	Previous sentence	Попереднє речення
	Play/Pause	Відтворити/пауза
	Read Aloud Status	Стан читання вголос
	Reading Speed	Швидкість читання
	Skip Citations and Bibliography	Пропускати цитати й бібліографію
	Skip citations & bibliography	Пропускати цитати й бібліографію
	Stop Reading	Зупинити читання
	Don't read Zotero, Mendeley or EndNote citations and bibliographies	Не читати цитати й бібліографії Zotero, Mendeley чи EndNote
	Play	Відтворити
	Pause	Пауза
	Stop	Зупинити
	Sentence	Речення
	Paused	Призупинено
	Finished	Завершено
	Stopped	Зупинено
	Speed	Швидкість
	Normal speed	Звичайна швидкість
	AutoSave documents you have saved in WordCraft	Автоматично зберігати документи, збережені у WordCraft
	AutoSave failed: {error}. Save the document to turn AutoSave back on.	Не вдалося виконати автозбереження: {error}. Збережіть документ, щоб знову ввімкнути автозбереження.
	Couldn't download {name}: {error}	Не вдалося завантажити {name}: {error}
	Do you want to save changes to {name}?	Зберегти зміни в {name}?
	Don't Save	Не зберігати
	That format doesn't keep everything, so the document is still open. Save it as a Word document (.docx) to go on.	Цей формат зберігає не все, тому документ залишається відкритим. Щоб продовжити, збережіть його як документ Word (.docx).
	Your changes will be lost if you don't save them.	Якщо не зберегти зміни, їх буде втрачено.
# Equations.
	Change Structure	Змінити структуру
	Change to Display	Змінити на окремий рядок
	Change to Inline	Змінити на вбудований
	Conversions	Перетворення
	Delete Back in Equation	Видалити назад у рівнянні
	Delete in Equation	Видалити в рівнянні
	Edit Equation	Редагувати рівняння
	Enter in Equation	Enter у рівнянні
	Equation Gallery	Колекція рівнянь
	Equation Info	Відомості про рівняння
	Equation Number	Номер рівняння
	Input Format	Формат введення
	Insert Structure	Вставити структуру
	Insert Symbol	Вставити символ
	Justification	Вирівнювання
	Leave Equation	Вийти з рівняння
	Move in Equation	Переміщення в рівнянні
	Normal Text	Звичайний текст
	Set Equation	Задати рівняння
	Structure Actions	Дії зі структурою
	Structures	Структури
	Tools	Знаряддя
	Type in Equation	Введення в рівнянні
	Inline	Вбудований
	Number	Номер
	Close Equation	Закрити рівняння
	Insert New Equation	Вставити нове рівняння
	Built-In	Вбудовані
	Professional	Професійний
	Linear	Лінійний
	Fraction	Дріб
	Script	Індекс
	Radical	Радикал
	Integral	Інтеграл
	Large\nOperator	Великий\nоператор
	Bracket	Дужки
	Function	Функція
	Accent	Діакритичний знак
	Limit and\nLog	Границя та\nлогарифм
	Operator	Оператор
	Equation Options	Параметри рівняння
	All symbol sets	Усі набори символів
	Send the document straight to the system print dialog, or save a copy in another format below.	Надішліть документ безпосередньо до системного діалогу друку або збережіть копію в іншому форматі нижче.
	Or save a copy in another format:	Або збережіть копію в іншому форматі:
	Opening print dialog…	Відкриття діалогу друку…
	Print failed: {error}	Не вдалося надрукувати: {error}
	Couldn't open {path}: {error}	Не вдалося відкрити {path}: {error}
	Column Selection	Виділення стовпця
	New Table Style	Новий стиль таблиці
	Modify Table Style	Змінити стиль таблиці
	New Table Style…	Новий стиль таблиці…
	Modify Table Style…	Змінити стиль таблиці…
	Apply formatting to:	Застосувати форматування до:
	Whole Table	Уся таблиця
	Fill color:	Колір заливки:
	{count} items highlighted	Виділено елементів: {count}
	{n} pt	{n} пт
	Not {name}	Без: {name}
	Level {n}	Рівень {n}
	Body Text	Основний текст
	{n} lines	Рядків: {n}
	At least {n}	Щонайменше {n}
	Exactly {n}	Точно {n}
	Centered	По центру
	Character spacing	Інтервал між символами
	Don't add space between paragraphs of the same style	Не додавати інтервал між абзацами одного стилю
	Don't hyphenate	Без перенесення слів
	Double strikethrough	Подвійне закреслення
	Drop cap	Буквиця
	First line	Перший рядок
	Font color	Колір шрифту
	Highlight	Виділення кольором
	Justified	За шириною
	Left indent	Відступ ліворуч
	Line spacing	Міжрядковий інтервал
	Outline level	Рівень плану
	Raised/lowered	Піднято/опущено
	Right indent	Відступ праворуч
	Scale	Масштаб
	Space after	Інтервал після
	Space before	Інтервал перед
	Suppress line numbers	Без номерів рядків
	Underline color	Колір підкреслення
	Letters	Листи
	E-mail Messages	Повідомлення електронної пошти
	Directory	Каталог
	Normal Word Document	Звичайний документ
	If…Then…Else…	Якщо…То…Інакше…
	If…Then…Else	Якщо…То…Інакше
	Merge Record #	Номер запису злиття
	Skip Record If…	Пропустити запис, якщо…
	Skip Record If	Пропустити запис, якщо
	Equals:	Дорівнює:
	Then insert:	Тоді вставити:
	Otherwise insert:	Інакше вставити:
	Courtesy Title	Звертання
	First Name	Ім'я
	Last Name	Прізвище
	Company	Компанія
	Address	Адреса
	City	Місто
	State	Область
	Postal Code	Поштовий індекс
	Country	Країна
	(not matched)	(не зіставлено)
	Leave a recipient out of the merge when a field has this value.	Пропускати одержувача під час злиття, коли поле має це значення.
	Insert one text or another, depending on a field's value.	Вставити той чи інший текст залежно від значення поля.
	Select recipients first to match their fields.	Спершу виберіть одержувачів, щоб зіставити їхні поля.
	The recipient-list field that fills each part of an address block and greeting line.	Поле списку одержувачів, яке заповнює кожну частину блоку адреси та рядка привітання.
	No errors found: every merge field is in the recipient list.	Помилок не знайдено: усі поля злиття є в списку одержувачів.
	These merge fields aren't in the recipient list:	Цих полів злиття немає в списку одержувачів:
	Add at least one field.	Додайте принаймні одне поле.
	Add Field	Додати поле
	Every field needs a name.	Кожне поле потребує назви.
	Field name	Назва поля
	Field names must be different.	Назви полів мають відрізнятися.
	Fields:	Поля:
	Field:	Поле:
	Find:	Знайти:
	New Entry	Новий запис
	Recipient List	Список одержувачів
	Recipients: {count}	Одержувачів: {count}
	Remove field	Видалити поле
	Remove recipient	Видалити одержувача
	Select recipients first to choose from their fields.	Спершу виберіть одержувачів, щоб вибрати з їхніх полів.
	Type a New List…	Ввести новий список…
	Type at least one recipient.	Введіть принаймні одного одержувача.
	Type the recipients, or load them from a file.	Введіть одержувачів або завантажте їх із файлу.
	Use an Existing List…	Використати наявний список…
	Interface theme:	Тема інтерфейсу:
	Interface\nTheme	Тема\nінтерфейсу
	Interface Theme	Тема інтерфейсу
	Light	Світла
	Dark	Темна
	Use system setting	Як у системі
	A file dialog is already open.	Діалогове вікно файлу вже відкрито.
	Height:	Висота:
	Width:	Ширина:
	Row	Рядок
	Cell	Клітинка
	Preferred width:	Бажана ширина:
	Alignment:	Вирівнювання:
	Indent from left:	Відступ ліворуч:
	Specify height:	Указати висоту:
	Exactly	Точно
	At least	Принаймні
	Allow row to break across pages	Дозволити розрив рядка між сторінками
	Repeat as header row on each page	Повторювати як рядок заголовка на кожній сторінці
	Vertical alignment:	Вертикальне вирівнювання:
	Top	Угорі
	Bottom	Унизу
	Alt text	Альтернативний текст
	Alt:	Альт.:
	W:	Ш:
	H:	В:
	Reset	Скинути
	Reset Crop	Скинути обітнення
	Insert a new equation (Alt+=)	Вставити нове рівняння (Alt+=)
	Leave the equation (Esc)	Вийти з рівняння (Esc)
	Preview	Попередній перегляд
	getartcraft.com/apps/wordcraft	getartcraft.com/apps/wordcraft
	Draw Ink	Малювати чорнилом
	Erase Ink	Стерти чорнило
	Hide Ink	Сховати чорнило
	Hide\nInk	Сховати\nчорнило
	Pens	Пера
	Thickness	Товщина

# Columns, Symbol and Field dialogs (#321).
	(All)	(Усі)
	(none)	(немає)
	(normal text)	(звичайний текст)
	1/4 Em Space	Пробіл 1/4 кегля
	A mail merge field	Поле злиття
	A numbered sequence (figures, tables…)	Нумерована послідовність (рисунки, таблиці…)
	A table of contents	Зміст
	Categories:	Категорії:
	Character	Символ
	Character code:	Код символу:
	Col #:	Стовпець:
	Copyright	Знак авторського права
	Date and Time	Дата й час
	Date formats:	Формати дати:
	Description:	Опис:
	Document Information	Відомості про документ
	Double Closing Quote	Закривні подвійні лапки
	Double Opening Quote	Відкривні подвійні лапки
	Ellipsis	Три крапки
	Em Dash	Довге тире
	En Dash	Коротке тире
	Em Space	Широкий пробіл
	En Space	Пробіл середньої ширини
	Equal column width	Однакова ширина стовпців
	Field Codes	Коди полів
	Field code:	Код поля:
	Field codes:	Коди полів:
	Field name:	Назва поля:
	Field names:	Назви полів:
	Field properties	Властивості поля
	Field…	Поле…
	Format:	Формат:
	Hide Codes	Сховати коди
	Index and Tables	Покажчики й таблиці
	Line between	Лінія між стовпцями
	Links and References	Зв'язки й посилання
	Mail Merge	Злиття
	More Columns…	Інші стовпці…
	More Symbols…	Інші символи…
	No-Width Non Break	Нерозривний символ нульової ширини
	No-Width Optional Break	Необов'язковий розрив нульової ширини
	Paragraph Mark	Знак абзацу
	Pick a field from the list	Виберіть поле
	Preserve formatting during updates	Зберігати форматування під час оновлення
	Presets	Шаблони
	Recently used symbols:	Нещодавно використані символи:
	Registered	Зареєстрована торговельна марка
	Section Mark	Знак параграфа
	Sequence name:	Назва послідовності:
	Shortcut key:	Сполучення клавіш:
	Single Closing Quote	Закривна одинарна лапка
	Single Opening Quote	Відкривна одинарна лапка
	Spacing:	Інтервал:
	Special Characters	Спеціальні символи
	Subset:	Набір:
	The time right now	Поточний час
	When this document was first created	Дата створення документа
	When this document was most recently printed	Дата останнього друку документа
	When this document was most recently saved	Дата останнього збереження документа
	The document has no bookmarks yet.	У документі ще немає закладок.
	Who the document properties name as author	Автор документа
	Name of the file this document is saved as	Ім'я файлу документа
	Title from the document properties	Назва документа
	How many pages the whole document has	Кількість сторінок у документі
	How many pages this section has	Кількість сторінок у розділі
	Number of the page the field sits on	Номер поточної сторінки
	Number of the section the field sits in	Номер поточного розділу
	How many words the document holds	Кількість слів у документі
	Page on which a bookmarked passage falls	Номер сторінки закладки
	Copy of the text a bookmark marks	Текст закладки
	This field has no options.	Це поле не має параметрів.
	This font has no characters to show.	Цей шрифт не має символів для показу.
	This point forward	Від цього місця
	The date it is today	Сьогоднішня дата
	Trademark	Торговельна марка
	Type the field's name and its switches, for example PAGE \\* roman.	Введіть назву поля та його ключі, наприклад PAGE \\* roman.
	Width and spacing	Ширина й інтервал
	from Unicode (hex)	з Unicode (шістн.)
	Shape Effects	Ефекти фігури
	Glow	Світіння
	Soft Edges	М'які краї
	No Shadow	Без тіні
	No Glow	Без світіння
	No Soft Edges	Без м'яких країв
	Glow Colors	Кольори світіння
	Weight	Товщина
	Shadow, glow and soft edges	Тінь, світіння та м'які краї
	Offset: Bottom Right	Зміщення: вниз праворуч
	Offset: Bottom	Зміщення: вниз
	Offset: Bottom Left	Зміщення: вниз ліворуч
	Offset: Right	Зміщення: праворуч
	Offset: Center	Зміщення: по центру
	Offset: Left	Зміщення: ліворуч
	Offset: Top Right	Зміщення: вгору праворуч
	Offset: Top	Зміщення: вгору
	Offset: Top Left	Зміщення: вгору ліворуч
	Manage Styles	Керування стилями
	Show or Hide Style	Показати або сховати стиль
	Manage Styles…	Керування стилями…
	Sort order:	Порядок сортування:
	As Recommended	Як рекомендовано
	Alphabetical	За абеткою
	Font: {font}	Шрифт: {font}
	{size} pt	{size} пт
	Color: {color}	Колір: {color}
	Space before: {pt} pt	Інтервал перед: {pt} пт
	Space after: {pt} pt	Інтервал після: {pt} пт
	Based on: {style}	На основі: {style}
	Paragraph style	Стиль абзацу
	Character style	Стиль символів
	Linked style (paragraph and character)	Зв’язаний стиль (абзац і символи)
	Table style	Стиль таблиці
	Built-in style	Вбудований стиль
	Show in the Styles gallery	Показувати в колекції стилів
	Hide from style lists	Сховати зі списків стилів
	Built-in styles can't be deleted.	Вбудовані стилі не можна видалити.
	Delete Table Style	Видалити стиль таблиці
	Password	Пароль
	Password:	Пароль:
	Confirm password:	Підтвердження пароля:
	Encrypt with Password…	Зашифрувати паролем…
	Change Password…	Змінити пароль…
	Remove Password	Видалити пароль
	A password is required to open this document.	Щоб відкрити цей документ, потрібен пароль.
	Anyone can open this document. Encrypt it with a password to keep it private.	Цей документ може відкрити будь-хто. Зашифруйте його паролем, щоб захистити.
	Anyone who opens the document will need this password.	Кожному, хто відкриватиме документ, знадобиться цей пароль.
	{name} is protected with a password.	{name} захищено паролем.
	That password isn't right. Check it (passwords are case-sensitive) and try again.	Пароль неправильний. Перевірте його (паролі враховують регістр) і спробуйте ще раз.
	The document will be saved with a password. Save it to protect it.	Документ буде збережено з паролем. Збережіть його, щоб захистити.
	The password is removed. Save the document to keep the change.	Пароль видалено. Збережіть документ, щоб зберегти зміну.
	The passwords don't match.	Паролі не збігаються.
	Keep the password somewhere safe: without it nobody, WordCraft included, can open the document. Leave both boxes empty to remove the password.	Зберігайте пароль у надійному місці: без нього ніхто, зокрема WordCraft, не зможе відкрити документ. Залиште обидва поля порожніми, щоб видалити пароль.

# Interface text routed through translation (#313)
	Align Top Left	Вирівняти вгорі ліворуч
	Align Top Center	Вирівняти вгорі по центру
	Align Top Right	Вирівняти вгорі праворуч
	Align Center Left	Вирівняти посередині ліворуч
	Align Center	Вирівняти по центру
	Align Center Right	Вирівняти посередині праворуч
	Align Bottom Left	Вирівняти внизу ліворуч
	Align Bottom Center	Вирівняти внизу по центру
	Align Bottom Right	Вирівняти внизу праворуч
	{contributors} contributors · {commits} commits	Учасників: {contributors} · комітів: {commits}
	{cols}×{rows} Table	Таблиця {cols}×{rows}
	AaBbYyZz	AaBbYyZz ЄєЇї
	pt	пт
	Document1	Документ1
	Username	Ім'я користувача
	Display name	Відображуване ім'я
	Real name	Справжнє ім'я
	Name	Ім'я
	PRs	PR
	Commits	Коміти
	First	Перший
	Last	Останній
	Model	Модель
	Version	Версія
	% of all commits	% усіх комітів
	Lines +/−	Рядки +/−
	Craft	Ремесло
	Studio	Студія
	Atelier	Ательє
	Darkroom	Фотолабораторія
	Gallery	Галерея
	Sketchbook	Альбом для ескізів
	Change Picture…	Змінити зображення…
	Font…	Шрифт…
	Paragraph…	Абзац…
	Link…	Посилання…
	Size and Crop…	Розмір і обтинання…
	Insert Columns to the Left	Вставити стовпці ліворуч
	Insert Columns to the Right	Вставити стовпці праворуч
	Insert Rows Above	Вставити рядки вище
	Insert Rows Below	Вставити рядки нижче
	Mon	Пн
	Tue	Вт
	Wed	Ср
	Sum	Сума
	North	Північ
	South	Південь
	West	Захід
	Total	Разом
	Rotation	Поворот
	Rotation:	Поворот:
	Rotate Right 90°	Повернути праворуч на 90°
	Rotate Left 90°	Повернути ліворуч на 90°
	Flip Vertical	Віддзеркалити по вертикалі
	Flip Horizontal	Віддзеркалити по горизонталі
	Formatted	Відформатовано
	Templates	Шаблони
	Templates and Add-ins	Шаблони й надбудови
	Attach Template	Приєднати шаблон
	Detach Template	Від'єднати шаблон
	Automatically Update Document Styles	Автоматично оновлювати стилі документа
	Update Styles from Template	Оновити стилі із шаблону
	Organizer	Організатор
	Copy Styles	Копіювати стилі
	Rename Style	Перейменувати стиль
	Document template:	Шаблон документа:
	Attach…	Приєднати…
	Automatically update document styles	Автоматично оновлювати стилі документа
	Organizer…	Організатор…
	Rename…	Перейменувати…
