# Traditional Chinese (zh-hant, Taiwan vocabulary) interface catalog. Same format and clean-room
# rules as zh-hans.tsv.

	(no style)	（無樣式）
	(no suggestions)	（無建議）
	1.5 Line Spacing	1.5 倍行距
	A free, open-source word processor written from scratch in Rust.\nPart of the Crafting Apps from the ArtCraft team.	一款以 Rust 從零開始撰寫的免費開源文書處理軟體。\n屬於 ArtCraft 團隊的 Crafting Apps 系列。
	About	關於
	About WordCraft	關於 WordCraft
	Accept	接受
	Accept All Changes	接受所有修訂
	Accept This Change	接受此修訂
	Accessibility	協助工具
	Add	新增
	Add a comment	新增註解
	Add a Table	新增表格
	Add Object to Selection	將物件加入選取範圍
	Add Space Before Paragraph	在段落前新增間距
	Add space between Asian and Latin text	在亞洲文字與西文之間加入間距
	Add space between Asian text and numbers	在亞洲文字與數字之間加入間距
	Add tab stop at:	定位停駐點新增位置：
	Add Text	新增文字
	Add to Dictionary	新增至字典
	Add to Style Gallery	新增至樣式庫
	Address Block	地址區塊
	Address:	地址：
	Address\nBlock	地址區塊
	Adjust	調整
	Advanced	進階
	After:	段落後：
	Agents	代理程式
	Align	對齊
	Align Left	靠左對齊
	Align Right	靠右對齊
	Aligned at:	對齊位置：
	Alignment	對齊方式
	All Borders	所有框線
	All Caps	全部大寫
	All caps	全部大寫
	All Markup	所有標記
	Allow hanging punctuation	允許標點溢出邊界
	Allow Latin text to wrap in the middle of a word	允許西文在單字中間換行
	Alt Text	替代文字
	Apply Asian line-breaking rules (kinsoku)	套用亞洲文字的斷行規則（禁則）
	Apply Character Style	套用字元樣式
	Apply Style	套用樣式
	Apply Styles	選擇並套用樣式
	Arrange	排列
	Arrange\nAll	全部排列
	Arrow	箭號
	Artistic Effects	美術效果
	Asian Typography	亞洲版式
	Author	作者
	AutoCorrect Options	自動校正選項
	AutoFit	自動調整
	AutoFit Contents	依內容自動調整
	AutoFit Window	依視窗自動調整
	Automatic	自動
	Automatic ({language})	自動（{language}）
	Automatic follows your system's language. Menus and commands change; your documents don't.	「自動」會跟隨系統語言。功能表與命令會改變，文件內容不會改變。
	Automatic Table 1 (3 levels)	自動目錄 1（3 階層）
	Automatic Table 2 (2 levels)	自動目錄 2（2 階層）
	AutoSave	自動儲存
	AutoSave documents you have saved in WordCraft	自動儲存在 WordCraft 中儲存過的文件
	AutoSave failed: {error}. Save the document to turn AutoSave back on.	自動儲存失敗：{error}。重新儲存文件後將恢復自動儲存。
	Balloons	註解方塊
	Bottom Margin	下邊界
	Click a border between two cells to merge them. Esc stops.	按一下兩個儲存格之間的框線以合併它們。按 Esc 結束。
	Bullet	項目符號
	By author	依作者
	Changed lines:	修訂行：
	Click level to modify:	按一下要修改的層級：
	Color only	僅色彩
	Compress punctuation at the start of a line	壓縮行首標點
	Dark page (white text on black)	深色頁面（黑底白字）
	Drag a rectangle to draw a table, or a line across cells to split them. Esc stops.	拖出矩形以繪製表格，或拖出穿過儲存格的線條以分割儲存格。按 Esc 結束。
	Draw Table	繪製表格
	Define New Multilevel List	定義新的多層次清單
	Define New Multilevel List…	定義新的多層次清單…
	Deletions:	刪除內容：
	Edit Comment	編輯註解
	Enter formatting for number:	輸入編號的格式：
	Follow number with:	編號之後：
	Formatting	格式設定
	Include level number from:	包含的層級編號來自：
	Ink	筆跡
	Insertions and Deletions	插入和刪除
	Insertions:	插入內容：
	Left border	左框線
	Left Margin	左邊界
	Indents and Spacing	縮排和間距
	Legal style numbering	正規形式編號
	Line breaking	斷行
	Link level to style:	將層級連結到樣式：
	List Definition	清單定義
	More templates →	更多範本 →
	No templates match your search.	沒有符合搜尋的範本。
	Nothing	無
	Number alignment:	編號對齊方式：
	Number format	編號格式
	Number style for this level:	此層級的編號樣式：
	Outside border	外側框線
	Reopen	重新開啟
	Restart list after:	重新開始清單的層級：
	Right border	右框線
	Right Margin	右邊界
	Search for templates	搜尋範本
	Show all revisions inline	以內嵌方式顯示所有修訂
	Show documents with their colours inverted, like View › Switch Modes. Saving, printing and PDFs are unchanged.	像「檢視 › 切換模式」一樣以反轉的色彩顯示文件。儲存、列印和 PDF 不受影響。
	AutoSave saves every change to the file (needs a saved document)	自動儲存會將每次變更寫入檔案（文件需已儲存）
	AutoSave isn't available in the browser: it can't write to your files. Save downloads a copy.	瀏覽器中無法使用自動儲存：它不能寫入您的檔案。儲存會下載一份複本。
	AutoSave only keeps .docx, .odt and .rtf files; {name} can't keep all formatting. Save as .docx to turn on AutoSave.	自動儲存僅適用於 .docx、.odt 和 .rtf 檔案；{name} 無法保留所有格式。另存為 .docx 即可開啟自動儲存。
	Save the document to turn on AutoSave	儲存文件後即可開啟自動儲存
	Save the document to turn on AutoSave (a file you have only opened isn't rewritten until you save it)	儲存文件後即可開啟自動儲存（僅開啟過的檔案在您儲存之前不會被改寫）
	AutoText	自動圖文集
	Backspace	退格
	Banded Columns	帶狀欄
	Banded Rows	帶狀列
	Before:	段落前：
	Bibliography	參考書目
	Binary assets added	新增二進位資源
	Binary assets removed	移除二進位資源
	Blank	空白
	Blank (Three Columns)	空白（三欄）
	Blank document	空白文件
	Blank Page	空白頁
	Block\nAuthors	封鎖作者
	Bold	粗體
	Bookmark	書籤
	Bookmark name:	書籤名稱：
	Border Painter	框線複製
	Border\nPainter	框線複製
	Borders	框線
	Tab stop position:	定位點位置：
	Default tab stops:	預設定位點間距：
	Tab stops to be cleared:	要清除的定位點：
	All	全部
	Decimal	小數點對齊
	Bar	豎線
	Leader	前置字元
	Set	設定
	Page Border	頁面框線設定
	Apply to:	套用至：
	Whole document	整份文件
	This section	本節
	Fill	填滿
	Setting:	設定：
	3-D	立體
	Custom	自訂
	Style:	樣式：
	Dot dash	點虛線
	Triple	三線
	Between	段落之間
	Borders and Shading	框線及網底
	Tabs…	定位點…
	Borders and Shading…	框線及網底…
	Bottom Border	下框線
	Bottom of Page	頁面底端
	Bottom:	下：
	Box	方框
	Breaks	分隔設定
	Bring Forward	上移一層
	Bullet Library	項目符號庫
	Bullets	項目符號
	Calendar	行事曆
	Cancel	取消
	Capitalize Each Word	每個單字字首大寫
	Captions	標號
	Cell Margins	儲存格邊界
	Cell Size	儲存格大小
	Cell\nMargins	儲存格邊界
	Center	置中
	Change	變更
	Change Case	變更大小寫
	Change List Level	變更清單階層
	Change Picture	變更圖片
	Change Shape	變更圖案
	Changes	變更
	Character Position	字元位置
	Character Scale	字元縮放
	Character Shading	字元網底
	Character Spacing	字元間距
	Character Border	字元邊框
	Characters (no spaces)	字元數（不含空格）
	Characters (with spaces)	字元數（含空格）
	Chart	圖表
	Check Accessibility	檢查協助工具
	Check Compatibility	檢查相容性
	Check for Errors	檢查錯誤
	Check Spelling as You Type	輸入時檢查拼字
	Check\nAccessibility	檢查協助工具
	Citation Style	引文樣式
	Citations & Bibliography	引文與參考書目
	Clear	清除
	Clear All Formatting	清除所有格式設定
	Clipboard	剪貼簿
	Clipboard Pane	剪貼簿窗格
	Clipboard Items	剪貼簿項目
	Paste Clipboard Item	貼上剪貼簿項目
	Paste All	全部貼上
	Delete Clipboard Item	刪除剪貼簿項目
	Clear All	全部清除
	Click an item to paste it.	按一下項目即可貼上。
	Nothing collected yet. Items you copy or cut appear here.	尚無內容。複製或剪下的項目會顯示在這裡。
	(picture or object)	（圖片或物件）
	Close	關閉
	Close Header and Footer	關閉頁首及頁尾
	Collapse Selection	摺疊選取範圍
	Color	色彩
	Color:	色彩：
	Colors	色彩
	Column	欄
	Column Break	分欄符號
	Columns	欄
	Combine	合併
	Commands	命令
	Comment	註解
	Comments	註解
	Comments Pane	註解窗格
	Community\nDiscord	社群\nDiscord
	Compact	緊密
	Compare	比較
	Compress Pictures	壓縮圖片
	Continuous	接續本頁
	Convert	轉換
	Convert Text to Table	文字轉換為表格
	Convert Text to Table…	文字轉換為表格…
	Convert to Text	轉換為文字
	Copy	複製
	Copy Formatting	複製格式
	Corrections	校正
	Count words in text boxes and notes	統計文字方塊、註腳和章節附註中的字數
	Couldn't download {name}: {error}	無法下載 {name}：{error}
	Cover Page	封面頁
	Create	建立
	Create a Style	建立樣式
	Create an interactive outline of your document.\n\nIt's a great way to keep track of where you are or quickly move your content around.\n\nTo get started, go to the Home tab and apply Heading styles to the headings in your document.	為文件建立互動式大綱。\n\n用它可以隨時掌握目前位置，或快速移動內容。\n\n若要開始使用，請前往「常用」索引標籤，為文件中的標題套用標題樣式。
	Create New Style	建立新樣式
	Crop	裁剪
	Cross-reference	交互參照
	Current Position	目前位置
	Current style: {style}	目前樣式：{style}
	Custom Margins…	自訂邊界…
	Custom Watermark	自訂浮水印
	Custom Watermark…	自訂浮水印…
	Customize Quick Access Toolbar	自訂快速存取工具列
	Cut	剪下
	Dark Mode	深色模式
	Dashed	虛線
	Data	資料
	Date & Time	日期及時間
	Decrease Font Size	縮小字型大小
	Decrease Indent	減少縮排
	Default	預設
	Define New Bullet	定義新的項目符號
	Define New Number Format	定義新的編號格式
	Delete	刪除
	Delete Cells	刪除儲存格
	Delete Columns	刪除欄
	Delete Comment	刪除註解
	Delete Next Word	刪除下一個單字
	Delete Previous Word	刪除上一個單字
	Delete Rows	刪除列
	Delete Style	刪除樣式
	Delete Table	刪除表格
	Design	設計
	development build	開發版本
	Diagonal	斜向
	Diamond	菱形
	Dictate	聽寫
	Different First Page	首頁不同
	Different Odd & Even Pages	奇偶頁不同
	Discord	Discord
	Discord community	Discord 社群
	Display	顯示
	Display for Review	顯示以供檢閱
	Distribute Columns	平均分配欄寬
	Distribute Rows	平均分配列高
	Distributed	分散對齊
	Do Not Show in TOC	不在目錄中顯示
	Do you want to save changes to {name}?	是否儲存對 {name} 的變更？
	Don't Save	不儲存
	Document End	文件結尾
	Document Formatting	文件格式設定
	Document Property	文件摘要資訊
	Document Start	文件開頭
	Document Text	文件文字
	Document Title	文件標題
	Documents you open will show up here.	開啟過的文件會顯示在這裡。
	Dot-dash	點虛線
	Dotted	點線
	Double	雙線
	Double Spacing	兩倍行高
	Double Strikethrough	雙刪除線
	Double Underline	雙底線
	Down	下
	Draft	草稿
	Draw	繪圖
	Drawing Tools	繪圖工具
	Drawing\nCanvas	繪圖畫布
	Drop Cap	首字放大
	Edit Footer	編輯頁尾
	Edit Header	編輯頁首
	Edit Recipient List	編輯收件者清單
	Edit\nRecipient List	編輯收件者清單
	Edited	已編輯
	Editing	編輯
	Editing header/footer	正在編輯頁首/頁尾
	Editing — edit the document directly	編輯 — 直接編輯文件
	Editor	編輯器
	Effects	效果
	Emboss	浮凸
	Encrypt with Password	以密碼加密
	English (United States)	英文（美國）
	Engrave	陰刻
	Enter page number:	輸入頁碼：
	Envelopes	信封
	Equation	方程式
	Eraser	橡皮擦
	Even Page	偶數頁
	Every command is available to scripts and AI agents: run `wordcraft-cli mcp` for an MCP server, or start the app with `--control <port>` for the JSON control channel.	每個命令都可供指令碼和 AI 代理程式使用：執行 `wordcraft-cli mcp` 啟動 MCP 伺服器，或以 `--control <port>` 啟動應用程式以開啟 JSON 控制通道。
	Export	匯出
	Export a copy to share (PDF, Word document)	匯出副本以共用（PDF、Word 文件）
	Export Page as PNG	將頁面匯出為 PNG
	Export PDF	匯出 PDF
	Exported {path}	已匯出 {path}
	Extend Selection	擴大選取範圍
	Field	功能變數
	File	檔案
	Find	尋找
	Find and Replace	尋找及取代
	Find Next	尋找下一個
	Find Previous	尋找上一個
	Find Recipient	尋找收件者
	Find what:	尋找目標：
	Finish	完成
	Finish & Merge	完成與合併
	Finish &\nMerge	完成與合併
	First Column	第一欄
	First commit	首次提交
	First line:	第一行：
	Fixed Column Width	固定欄寬
	Focus	專注
	Font	字型
	Font Color	字型色彩
	Font color:	字型色彩：
	Font Dialog	字型對話方塊
	Font Size	字型大小
	Font:	字型：
	Fonts	字型
	Footer	頁尾
	Footnote and Endnote	註腳及章節附註
	Footnotes	註腳
	Format	格式
	Format Page Numbers	頁碼格式
	Format Page Numbers…	頁碼格式…
	Format Painter	複製格式
	Formatting at Selection	選取範圍的格式
	Formula	公式
	General	一般
	Go To	移至
	Go to	移至
	Go To (⌘⌥G)	移至 (⌘⌥G)
	Grab bag	隨機展示
	Greeting Line	問候語
	Greeting\nLine	問候語
	Gridlines	格線
	Group	群組
	Grow Font 1 Point	字型放大 1 點
	Hanging Indent	首行凸排
	Header	頁首
	Header & Footer	頁首及頁尾
	Header Row	標題列
	Header/Footer Position	頁首/頁尾位置
	Heading 1	標題 1
	Heading 2	標題 2
	Heading 3	標題 3
	Headings	標題
	Heart	心形
	Help	說明
	Hidden	隱藏
	Highlight Merge Fields	醒目提示合併欄位
	Highlight\nMerge Fields	醒目提示合併欄位
	Highlighter	螢光筆
	Home	常用
	Horizontal	水平
	Horizontal Line	水平線
	Hyphenation	斷字
	Icons	圖示
	Ignore All	全部略過
	Illustrations	圖例
	Immersive	沉浸式
	Immersive Reader	沉浸式閱讀程式
	Immersive\nReader	沉浸式閱讀程式
	Increase Font Size	放大字型
	Increase Indent	增加縮排
	Indent	縮排
	Indentation	縮排
	Indents	縮排
	Index	索引
	Info	資訊
	Ink to\nMath	筆跡轉數學公式
	Ink to\nShape	筆跡轉圖形
	Ink\nReplay	筆跡重播
	Insert	插入
	Insert Above	插入上方列
	Insert Below	插入下方列
	Insert Caption	插入標號
	Insert Citation	插入引文
	Insert Endnote	插入章節附註
	Insert Footnote	插入註腳
	Insert Hyperlink	插入超連結
	Insert Index	插入索引
	Insert Left	插入左方欄
	Insert Merge Field	插入合併欄位
	Insert Merge\nField	插入合併欄位
	Insert Right	插入右方欄
	Insert Shapes	插入圖案
	Insert Table	插入表格
	Insert Table of Authorities	插入引文目錄
	Insert Table of Figures	插入圖表目錄
	Insert Table…	插入表格…
	Insert\nAbove	插入上方列
	Insert\nCaption	插入標號
	Insert\nCitation	插入引文
	Insert\nFootnote	插入註腳
	Inside Borders	內框線
	Inspect Document	檢查文件
	Interface language:	介面語言：
	Italic	斜體
	Join the ArtCraft community on Discord	加入 Discord 上的 ArtCraft 社群
	Join us on Discord: discord.gg/artcraft	在 Discord 上加入我們：discord.gg/artcraft
	Justify	左右對齊
	Keep Lines Together	段落中不分頁
	Keep lines together	段落中不分頁
	Keep Text Only	只保留文字
	Keep with Next	與下段同頁
	Keep with next	與下段同頁
	Labels	標籤
	Landscape	橫向
	Language	語言
	Lasso	套索
	Last Column	最後一欄
	Last commit	最近提交
	Layout	版面配置
	Layout Summary	版面配置摘要
	Left	左
	Left Border	左框線
	Left:	左：
	Letter	信函
	Line	直線
	Line and Page Breaks	分行與分頁設定
	Line and Paragraph Spacing	行距與段落間距
	Line Break	換行符號
	Line delta	行數變化
	Line End	行尾
	Line Numbers	行號
	Line Spacing	行距
	Line Spacing Options…	行距選項…
	Line spacing:	行距：
	Line Start	行首
	Lines	行數
	Lines added	新增行數
	Lines deleted	刪除行數
	Link	連結
	Link to Previous	連結到前一節
	Links	連結
	Location: {path}	位置：{path}
	lowercase	全部小寫
	Macros	巨集
	Mailings	郵件
	Manage Sources	管理來源
	Many pages	多頁
	Margins	邊界
	Mark Citation	標記引文
	Mark Entry	標記項目
	Mark\nCitation	標記引文
	Mark\nEntry	標記項目
	Markdown (*.md)	Markdown (*.md)
	Match case	大小寫須相符
	Match Fields	對應欄位
	Matrix	矩陣
	Merge	合併
	Merge Cells	合併儲存格
	Merge Formatting	合併格式設定
	Merged PRs	已合併的 PR
	Mirrored	左右對稱
	MIT OR Apache-2.0. Copyright (c) 2026 ArtCraft Team and the WordCraft contributors.	MIT OR Apache-2.0。著作權所有 (c) 2026 ArtCraft 團隊及 WordCraft 貢獻者。
	Moderate	中等
	Modify Style	修改樣式
	Modify…	修改…
	Move or Resize	移動或調整大小
	Multilevel List	多層次清單
	Multiple Pages	多頁
	Name (A–Z)	名稱（A–Z）
	Name:	名稱：
	Narrow  0.5" all	窄  四周 0.5"
	Navigation	導覽
	Navigation Pane	功能窗格
	New	新增
	New Comment	新增註解
	New from Template	從範本新增
	New Paragraph	新段落
	New Style…	新增樣式…
	New Window	開新視窗
	New\nComment	新增註解
	New\nWindow	開新視窗
	Next	下一個
	Next Change	下一個變更
	Next Comment	下一個註解
	Next Footnote	下一個註腳
	Next Page	下一頁
	Next Record	下一筆記錄
	Next Section	下一節
	No Border	無框線
	No Color	無色彩
	No contributor data was built into this copy.	此版本未內建貢獻者資料。
	No Markup	無標記
	No model credits were built into this copy.	此版本未內建模型致謝資訊。
	No Paragraph Space	無段落間距
	Nonbreaking Hyphen	不分行連字號
	Nonbreaking Space	不分行空格
	None	無
	Normal  1" all	一般  四周 1"
	Normal Style	內文樣式
	Not available right now	目前無法使用
	Not saved	未儲存
	Not saved yet	尚未儲存
	Nudge	微移
	Number of columns:	欄數：
	Number of rows:	列數：
	Numbering	編號
	Object	物件
	Odd Page	奇數頁
	Office 2003 Default	Office 2003 預設值
	OK	確定
	One	一欄
	One Page	單頁
	Only web (http, https) and email (mailto) links can be followed	只能開啟網頁（http、https）和電子郵件（mailto）連結
	Open	開啟
	OpenDocument Text (*.odt)	OpenDocument 文字 (*.odt)
	Optional Hyphen	選擇性連字號
	Options	選項
	Orientation	方向
	Outline	大綱
	Outline Level	大綱階層
	Outside Borders	外框線
	Oval	橢圓
	Page	頁面
	Page Background	頁面背景
	Page Borders	頁面框線
	Page Break	分頁符號
	Page Break Before	段落前分頁
	Page break before	段落前分頁
	Page Breaks	分頁符號
	Page Color	頁面色彩
	Page Down	下一頁
	Page image (*.png)	頁面影像 (*.png)
	Page Movement	翻頁方式
	Page Number	頁碼
	Page Setup	版面設定
	Page Up	上一頁
	Page Width	頁寬
	Page width	頁寬
	Page X of Y	第 X 頁，共 Y 頁
	Page {page}	第 {page} 頁
	Page {page} of {pages}	第 {page} 頁，共 {pages} 頁
	Page\nBorders	頁面框線
	Page\nColor	頁面色彩
	Page\nNumber	頁碼
	Pages	頁面
	Paragraph	段落
	Paragraph Details	段落詳細資料
	Paragraph Down	下移一段
	Paragraph Settings	段落設定
	Paragraph Spacing	段落間距
	Paragraph Up	上移一段
	Paragraphs	段落數
	Paste	貼上
	Paste (⌘V)	貼上 (⌘V)
	Paste Formatting	貼上格式
	Paste: Keep Text Only	貼上：只保留文字
	Paste: Merge Formatting	貼上：合併格式設定
	PDF document (*.pdf)	PDF 文件 (*.pdf)
	Pen	畫筆
	Pencil	鉛筆
	Picture Border	圖片框線
	Picture Format	圖片格式
	Picture Styles	圖片樣式
	Pictures	圖片
	Plain text (*.txt)	純文字 (*.txt)
	Portrait	直向
	Position	位置
	Preview Results	預覽結果
	Preview\nResults	預覽結果
	Previous	上一個
	Previous Change	上一個變更
	Previous Comment	上一個註解
	Previous Record	上一筆記錄
	Previous Section	上一節
	Print	列印
	Print Layout	整頁模式
	Print\nLayout	整頁模式
	Proofing	校訂
	Proofing Issues	校訂問題
	Properties	內容
	Protect	保護
	Protect Document	保護文件
	Quick Access Toolbar	快速存取工具列
	Quick Parts	快速組件
	Quick Tables	快速表格
	Read Aloud	大聲朗讀
	Read Mode	閱讀模式
	Read\nAloud	大聲朗讀
	Read\nMode	閱讀模式
	Recent	最近
	Record Macro	錄製巨集
	Recover Unsaved Documents	復原未儲存的文件
	Rectangle	矩形
	Redo	取消復原
	Reduce Hanging Indent	減少首行凸排
	References	參考資料
	Reject	拒絕
	Reject All Changes	拒絕所有變更
	Reject Change	拒絕變更
	Relaxed	寬鬆
	Remove Background	移除背景
	Remove Footer	移除頁尾
	Remove Header	移除頁首
	Remove Hyperlink	移除超連結
	Remove Space After Paragraph	移除段落後的間距
	Remove Table of Contents	移除目錄
	Remove Watermark	移除浮水印
	Repeat	重複
	Repeat Header Rows	重複標題列
	Replace	取代
	Replace All	全部取代
	Replace Document Text	取代文件文字
	Replace with:	取代為：
	Replay	重播
	Reply	回覆
	Report	報告
	Research	研究
	Researcher	研究工具
	Reset Picture	重設圖片
	Resolve	解決
	Resolved	已解決
	Restart at 1	從 1 重新開始
	Restart Each Page	每頁重新編號
	Restart Each Section	每節重新編號
	Restrict Editing	限制編輯
	Restrict\nEditing	限制編輯
	Results	結果
	Reverse the order	反轉順序
	Review	校閱
	Reviewing	校閱
	Reviewing Pane	校閱窗格
	Reviewing — edits become suggestions	校閱 — 編輯內容會成為修訂建議
	Rich Text Format (*.rtf)	RTF 格式 (*.rtf)
	Right	右
	Right Border	右框線
	Right-to-Left Text Direction	從右至左文字方向
	Left-to-Right Text Direction	從左至右文字方向
	Right:	右：
	Rotate	旋轉
	Rounded Rectangle	圓角矩形
	Rows & Columns	列與欄
	Ruler	尺規
	Rules	規則
	Résumé	履歷
	Save	儲存
	Save a copy in another format. Printing goes through a PDF you can print from any viewer.	以其他格式儲存副本。列印時會先產生 PDF，可在任何檢視器中列印。
	Save As	另存新檔
	Save as Template	另存為範本
	Saved	已儲存
	Search Commands	搜尋命令
	Search commands and help	搜尋命令和說明
	Search document	搜尋文件
	Section Breaks	分節符號
	Section Properties	節屬性
	Sections	節數
	Select	選取
	Select All	全選
	Select Cell	選取儲存格
	Select Line	選取行
	Select Objects	選取物件
	Select Paragraph	選取段落
	Select Range	選取範圍
	Select Recipients	選取收件者
	Select Row	選取列
	Select Sentence	選取句子
	Select Table	選取表格
	Select Text	選取文字
	Select Text with Similar Formatting	選取格式相似的文字
	Select Word	選取單字
	Select\nRecipients	選取收件者
	Selection	選取範圍
	Selection Pane	選取窗格
	Send Backward	下移一層
	Sentence case.	句首字母大寫。
	Set as Default	設定為預設值
	Set Caret	設定游標
	Set Character Formatting	設定字元格式
	Set Numbering Value	設定編號值
	Set Paragraph Formatting	設定段落格式
	Shading	網底
	Shadow	陰影
	Shape Fill	圖案填滿
	Shape Format	圖形格式
	Shape Outline	圖案外框
	Shape Styles	圖案樣式
	Shapes	圖案
	Share	共用
	Shift+Tab	Shift+Tab
	Show	顯示
	Show all formatting marks	顯示所有格式化標記
	Show Comments	顯示註解
	Show Markup	顯示標記
	Show Notes	顯示附註
	Show only comments and formatting in balloons	僅在註解方塊中顯示註解和格式設定
	Show revisions in balloons	在註解方塊中顯示修訂
	Show rulers	顯示尺規
	Show the community button in the title bar	在標題列中顯示社群按鈕
	Show/Hide ¶	顯示/隱藏 ¶
	Show\nComments	顯示註解
	Shrink Font 1 Point	字型縮小 1 點
	Side to Side	並排
	Side\nto Side	並排
	Signature Line	簽名欄
	Single	單線
	Single Spacing	單行間距
	Size	大小
	Size:	大小：
	Small Caps	小型大寫字
	Small caps	小型大寫字
	SmartArt	SmartArt
	Sort	排序
	Source code: github.com/storytold/wordcraft	原始碼：github.com/storytold/wordcraft
	Space	空格
	Space before/after:	段落前/後間距：
	Spacing	間距
	Spacing (pt):	間距（點）：
	Speech	語音
	Spelling & Grammar	拼字及文法
	Spelling &\nGrammar	拼字及文法
	Spelling Suggestions	拼字建議
	Split	分割
	Split Cells	分割儲存格
	Split Table	分割表格
	Spreadsheet Table	試算表
	Standard Colors	標準色彩
	Star	星形
	Start at:	起始編號：
	Start Mail Merge	啟動合併列印
	Start Mail\nMerge	啟動合併列印
	Statistics	統計資料
	Status Bar	狀態列
	Strikethrough	刪除線
	Studio cover	工作室封面
	Studio handbook (sample)	工作室手冊（範例）
	Style	樣式
	Style based on:	樣式依據：
	Style Set	樣式集
	Style: APA	樣式：APA
	Styles	樣式
	Styles Pane	樣式窗格
	Subscript	下標
	Superscript	上標
	Switch Modes	切換模式
	Switch\nModes	切換模式
	Symbol	符號
	Symbols	符號
	Synonyms	同義字
	Tab	定位字元
	Tab character	定位字元
	Table	表格
	Table Column Width	表格欄寬
	Table Design	表格設計
	Table Layout	表格版面配置
	Table of Authorities	引文目錄
	Table of Contents	目錄
	Table of\nContents	目錄
	Table Properties	表格內容
	Table Row Height	表格列高
	Table Style Options	表格樣式選項
	Table Styles	表格樣式
	Tables	表格
	Tabs	定位點
	Tabular List	表格式清單
	Text	文字
	Text Box	文字方塊
	Text Direction	文字方向
	Text Effects	文字效果
	Text Effects and Typography	文字效果與印刷樣式
	Text from File	檔案中的文字
	Text Highlight Color	文字醒目提示色彩
	Text indent at:	文字縮排位置：
	Text to display:	要顯示的文字：
	Text Wrapping	文繞圖
	Text:	文字：
	Text\nBox	文字方塊
	Text\nDirection	文字方向
	That format doesn't keep everything, so the document is still open. Save it as a Word document (.docx) to go on.	該格式無法保留全部內容，因此文件仍保持開啟。請將其儲存為 Word 文件 (.docx) 後再繼續。
	The new style takes the formatting of the current paragraph.	新樣式會採用目前段落的格式。
	Theme Colors	佈景主題色彩
	Theme Fonts	佈景主題字型
	Theme List	佈景主題清單
	Themes	佈景主題
	Thesaurus	同義字典
	Thick	粗線
	Three	三欄
	Tight	緊密
	Top Border	上框線
	Top Margin	上邊界
	Top of Page	頁面頂端
	Top:	上：
	Total Row	合計列
	Track Changes	追蹤修訂
	Track Changes Options	追蹤修訂選項
	Track Changes: On	追蹤修訂：開啟
	Track formatting	追蹤格式設定
	Tracking	追蹤
	Translate	翻譯
	Transparency	透明度
	Triangle	三角形
	Two	二欄
	Type a command, e.g. "insert table"	輸入命令，例如 "insert table"
	Type Text	輸入文字
	Underline	底線
	Underline Words Only	只在文字下加底線
	Undo	復原
	Undo {action}	復原{action}
	Ungroup	取消群組
	Up	上
	Update Field	更新功能變數
	Update Index	更新索引
	Update Style to Match Selection	更新樣式以符合選取範圍
	Update Table	更新目錄
	Update Table of Figures	更新圖表目錄
	Update to Match	更新以符合
	Update to Match Selection	更新以符合選取範圍
	UPPERCASE	全部大寫
	User Name	使用者名稱
	User name:	使用者名稱：
	Version History	版本歷程記錄
	Version {version} ({build})	版本 {version}（{build}）
	Vertical	垂直
	Vertical Alignment	垂直對齊方式
	View	檢視
	View Gridlines	檢視格線
	View State	檢視狀態
	Views	檢視
	Voice	語音
	Watermark	浮水印
	Wave	波浪線
	Web Layout	Web 版面配置
	Web page (*.html)	網頁 (*.html)
	Web\nLayout	Web 版面配置
	Whole page	整頁
	Whole words	全字拼寫須相符
	Wide	寬
	Widow/Orphan Control	遺留字串控制
	Widow/Orphan control	遺留字串控制
	Wildcards (regex)	萬用字元（規則運算式）
	Window	視窗
	Word Count	字數統計
	Word document (*.docx)	Word 文件 (*.docx)
	Word Left	左移一個單字
	Word Right	右移一個單字
	WordArt	文字藝術師
	WordCraft	WordCraft
	Words	字數
	Words only	僅文字
	Wrap Text	文繞圖
	Wrap\nText	文繞圖
	Write & Insert Fields	書寫與插入欄位
	Write a reply	撰寫回覆
	Zoom	縮放
	Zoom In	放大
	Zoom Out	縮小
	{group} settings	{group}設定
	{key}+Click to follow link	按住 {key} 並按一下以追蹤連結
	Browse…	瀏覽…
	{words} words	{words} 個字
	{selected} of {words} words	{selected}/{words} 個字
	Direction:	方向：
	Right-to-left	從右至左
	Left-to-right	從左至右
# Zotero integration
	Zotero	Zotero
	Citations	引文
	Document	文件
	Add/Edit\nCitation	新增/編輯\n引文
	Add\nNote	新增\n筆記
	Add/Edit\nBibliography	新增/編輯\n參考書目
	Refresh	重新整理
	Document\nPreferences	文件\n偏好設定
	Unlink\nCitations	取消連結\n引文
	Waiting for Zotero…	正在等候 Zotero…
	Zotero: done	Zotero：完成
	Zotero: cancelled	Zotero：已取消
	Yes	是
	No	否
	Move Past Citation	移到引文之後
	Move Past\nCitation	移到\n引文之後
	Next Sentence	下一句
	Previous Sentence	上一句
	Next sentence	下一句
	Previous sentence	上一句
	Play/Pause	播放/暫停
	Read Aloud Status	朗讀狀態
	Reading Speed	朗讀速度
	Skip Citations and Bibliography	略過引文和參考文獻
	Skip citations & bibliography	略過引文和參考文獻
	Stop Reading	停止朗讀
	Don't read Zotero, Mendeley or EndNote citations and bibliographies	不朗讀 Zotero、Mendeley 或 EndNote 的引文和參考文獻
	Play	播放
	Pause	暫停
	Stop	停止
	Sentence	句
	Paused	已暫停
	Finished	已完成
	Stopped	已停止
	Speed	速度
	Normal speed	正常速度
	Your changes will be lost if you don't save them.	如果不儲存，您的變更將會遺失。
	Scroll ribbon left	向左捲動功能區
	Scroll ribbon right	向右捲動功能區
# Equations.
	Change Structure	變更結構
	Change to Display	變更為顯示方程式
	Change to Inline	變更為行內方程式
	Conversions	轉換
	Delete Back in Equation	在方程式中向前刪除
	Delete in Equation	在方程式中刪除
	Edit Equation	編輯方程式
	Enter in Equation	在方程式中按 Enter
	Equation Gallery	方程式庫
	Equation Info	方程式資訊
	Equation Number	方程式編號
	Input Format	輸入格式
	Insert Structure	插入結構
	Insert Symbol	插入符號
	Justification	對齊方式
	Leave Equation	結束方程式
	Move in Equation	在方程式中移動
	Normal Text	一般文字
	Set Equation	設定方程式
	Structure Actions	結構操作
	Structures	結構
	Tools	工具
	Type in Equation	在方程式中輸入
	Inline	行內
	Number	編號
	Close Equation	關閉方程式
	Insert New Equation	插入新方程式
	Built-In	內建
	Professional	二維格式
	Linear	線性格式
	Fraction	分數
	Script	上下標
	Radical	根式
	Integral	積分
	Large\nOperator	大型\n運算子
	Bracket	括號
	Function	函數
	Accent	重音符號
	Limit and\nLog	極限與\n對數
	Operator	運算子
	Equation Options	方程式選項
	All symbol sets	所有符號集
	Send the document straight to the system print dialog, or save a copy in another format below.	將文件直接傳送到系統列印對話方塊，或在下方以其他格式儲存副本。
	Or save a copy in another format:	或以其他格式儲存副本：
	Opening print dialog…	正在開啟列印對話方塊…
	Print failed: {error}	列印失敗：{error}
	Couldn't open {path}: {error}	無法開啟 {path}：{error}
	Column Selection	矩形選取
	Style Inspector	樣式檢查器
	Inspect Styles at Selection	檢查選取範圍的樣式
	Clear Formatting Level	清除格式層級
	Characters	字元
	Direct formatting	直接格式設定
	Reset to Normal	重設為內文
	Clear Paragraph Formatting	清除段落格式設定
	Clear Character Style	清除字元樣式
	Clear Character Formatting	清除字元格式設定
	Paste Special	選擇性貼上
	Paste Special…	選擇性貼上…
	Paste as:	貼上為：
	The clipboard is empty.	剪貼簿是空的。
	Formatted Text	格式化文字
	Rich Text Format (RTF)	RTF 格式
	HTML Format	HTML 格式
	Unformatted Text	純文字
	Result	結果
	Keeps the fonts and formatting of the copied text.	保留所複製文字的字型和格式。
	Reads the clipboard's rich text and keeps its formatting.	讀取剪貼簿中的 RTF 內容並保留其格式。
	Reads the clipboard's web content and keeps its formatting.	讀取剪貼簿中的網頁內容並保留其格式。
	Drops all formatting and pastes plain text.	移除所有格式，貼上純文字。
	Advanced Find	進階尋找
	Advanced Find…	進階尋找…
	Go To…	移至…
	Reading Highlight	醒目提示尋找結果
	New Table Style	新增表格樣式
	Modify Table Style	修改表格樣式
	New Table Style…	新增表格樣式…
	Modify Table Style…	修改表格樣式…
	Apply formatting to:	將格式套用至：
	Whole Table	整個表格
	Fill color:	填滿色彩：
	{count} items highlighted	已醒目提示 {count} 個項目
	{n} pt	{n} 點
	Not {name}	非{name}
	Level {n}	第 {n} 階
	Body Text	本文
	{n} lines	{n} 行
	At least {n}	最小行高 {n}
	Exactly {n}	固定行高 {n}
	Centered	置中
	Character spacing	字元間距
	Don't add space between paragraphs of the same style	相同樣式的段落之間不新增間距
	Don't hyphenate	不斷字
	Double strikethrough	雙刪除線
	Drop cap	首字放大
	First line	第一行
	Font color	字型色彩
	Highlight	醒目提示
	Justified	左右對齊
	Left indent	左縮排
	Line spacing	行距
	Outline level	大綱階層
	Raised/lowered	上移/下移
	Right indent	右縮排
	Scale	縮放
	Space after	段落後間距
	Space before	段落前間距
	Suppress line numbers	隱藏行號
	Underline color	底線色彩
	Letters	信函
	E-mail Messages	電子郵件
	Directory	目錄
	Normal Word Document	一般文件
	If…Then…Else…	如果…則…否則…
	If…Then…Else	如果…則…否則
	Merge Record #	合併記錄編號
	Skip Record If…	略過記錄條件…
	Skip Record If	略過記錄條件
	Equals:	等於：
	Then insert:	則插入：
	Otherwise insert:	否則插入：
	Courtesy Title	稱謂
	First Name	名字
	Last Name	姓氏
	Company	公司
	Address	地址
	City	城市
	State	省/州
	Postal Code	郵遞區號
	Country	國家/地區
	(not matched)	（未對應）
	Leave a recipient out of the merge when a field has this value.	當某個欄位為此值時，在合併中略過該收件者。
	Insert one text or another, depending on a field's value.	依據欄位的值插入不同的文字。
	Select recipients first to match their fields.	請先選取收件者，才能對應其欄位。
	The recipient-list field that fills each part of an address block and greeting line.	地址區塊和問候語的每個部分所使用的收件者清單欄位。
	No errors found: every merge field is in the recipient list.	未發現錯誤：所有合併欄位都在收件者清單中。
	These merge fields aren't in the recipient list:	以下合併欄位不在收件者清單中：
	Add at least one field.	請至少新增一個欄位。
	Add Field	新增欄位
	Every field needs a name.	每個欄位都需要名稱。
	Field name	欄位名稱
	Field names must be different.	欄位名稱不可重複。
	Fields:	欄位：
	Field:	欄位：
	Find:	尋找：
	New Entry	新增項目
	Recipient List	收件者清單
	Recipients: {count}	收件者：{count}
	Remove field	移除欄位
	Remove recipient	移除收件者
	Select recipients first to choose from their fields.	請先選取收件者，才能從其欄位中選擇。
	Type a New List…	輸入新清單…
	Type at least one recipient.	請至少輸入一位收件者。
	Type the recipients, or load them from a file.	輸入收件者，或從檔案載入。
	Use an Existing List…	使用現有清單…
	Interface theme:	介面主題：
	Interface\nTheme	介面主題
	Interface Theme	介面主題
	Light	淺色
	Dark	深色
	Use system setting	使用系統設定
	A file dialog is already open.	已有一個檔案對話方塊開啟中。
	Height:	高度：
	Width:	寬度：
	Row	列
	Cell	儲存格
	Preferred width:	慣用寬度：
	Alignment:	對齊方式：
	Indent from left:	左側縮排：
	Specify height:	指定高度：
	Exactly	固定
	At least	最小
	Allow row to break across pages	允許列跨頁中斷
	Repeat as header row on each page	在每頁重複作為標題列
	Vertical alignment:	垂直對齊方式：
	Top	上
	Bottom	下
	Alt text	替代文字
	Alt:	替代文字：
	W:	寬：
	H:	高：
	Reset	重設
	Reset Crop	重設裁剪
	Insert a new equation (Alt+=)	插入新方程式 (Alt+=)
	Leave the equation (Esc)	離開方程式 (Esc)
	Preview	預覽
	getartcraft.com/apps/wordcraft	getartcraft.com/apps/wordcraft
	Draw Ink	繪製筆跡
	Erase Ink	擦除筆跡
	Hide Ink	隱藏筆跡
	Hide\nInk	隱藏\n筆跡
	Pens	畫筆
	Thickness	粗細

# Columns, Symbol and Field dialogs (#321).
	(All)	(全部)
	(none)	(無)
	(normal text)	(一般文字)
	1/4 Em Space	1/4 全形空格
	A mail merge field	合併列印欄位
	A numbered sequence (figures, tables…)	編號序列（圖、表…）
	A table of contents	目錄
	Categories:	類別：
	Character	字元
	Character code:	字元代碼：
	Col #:	欄號：
	Copyright	著作權
	Date and Time	日期和時間
	Date formats:	日期格式：
	Description:	描述：
	Document Information	文件資訊
	Double Closing Quote	右雙引號
	Double Opening Quote	左雙引號
	Ellipsis	刪節號
	Em Dash	長破折號
	En Dash	短破折號
	Em Space	全形空格
	En Space	半形空格
	Equal column width	欄寬相等
	Field Codes	功能變數代碼
	Field code:	功能變數代碼：
	Field codes:	功能變數代碼：
	Field name:	功能變數名稱：
	Field names:	功能變數名稱清單：
	Field properties	功能變數屬性
	Field…	功能變數…
	Format:	格式：
	Hide Codes	隱藏代碼
	Index and Tables	索引和目錄
	Line between	分隔線
	Links and References	連結和參照
	Mail Merge	合併列印
	More Columns…	其他欄…
	More Symbols…	其他符號…
	No-Width Non Break	無寬度不分行
	No-Width Optional Break	無寬度選擇性分行
	Paragraph Mark	段落標記
	Pick a field from the list	請選擇功能變數
	Preserve formatting during updates	更新時保留格式設定
	Presets	預設集
	Recently used symbols:	最近使用的符號：
	Registered	註冊商標
	Section Mark	章節符號
	Sequence name:	序列名稱：
	Shortcut key:	快速鍵：
	Single Closing Quote	右單引號
	Single Opening Quote	左單引號
	Spacing:	間距：
	Special Characters	特殊字元
	Subset:	子集：
	The time right now	目前的時間
	When this document was first created	文件的建立日期
	When this document was most recently printed	文件的上次列印日期
	When this document was most recently saved	文件的上次儲存日期
	The document has no bookmarks yet.	文件中還沒有書籤。
	Who the document properties name as author	文件的作者
	Name of the file this document is saved as	文件的檔案名稱
	Title from the document properties	文件的標題
	How many pages the whole document has	文件的頁數
	How many pages this section has	本節的頁數
	Number of the page the field sits on	目前的頁碼
	Number of the section the field sits in	目前的節號
	How many words the document holds	文件的字數
	Page on which a bookmarked passage falls	書籤所在的頁碼
	Copy of the text a bookmark marks	書籤的文字
	This field has no options.	此功能變數沒有選項。
	This font has no characters to show.	此字型沒有可顯示的字元。
	This point forward	從這裡開始
	The date it is today	今天的日期
	Trademark	商標
	Type the field's name and its switches, for example PAGE \\* roman.	輸入功能變數名稱及其參數，例如 PAGE \\* roman。
	Width and spacing	寬度和間距
	from Unicode (hex)	來自 Unicode（十六進位）
	Shape Effects	圖案效果
	Glow	光暈
	Soft Edges	柔化邊緣
	No Shadow	無陰影
	No Glow	無光暈
	No Soft Edges	無柔化邊緣
	Glow Colors	光暈色彩
	Weight	粗細
	Shadow, glow and soft edges	陰影、光暈和柔化邊緣
	Offset: Bottom Right	位移：右下
	Offset: Bottom	位移：下
	Offset: Bottom Left	位移：左下
	Offset: Right	位移：右
	Offset: Center	位移：置中
	Offset: Left	位移：左
	Offset: Top Right	位移：右上
	Offset: Top	位移：上
	Offset: Top Left	位移：左上
	Manage Styles	管理樣式
	Show or Hide Style	顯示或隱藏樣式
	Manage Styles…	管理樣式…
	Sort order:	排序方式：
	As Recommended	依建議
	Alphabetical	依字母順序
	Font: {font}	字型：{font}
	{size} pt	{size} 點
	Color: {color}	色彩：{color}
	Space before: {pt} pt	段落前間距：{pt} 點
	Space after: {pt} pt	段落後間距：{pt} 點
	Based on: {style}	根據：{style}
	Paragraph style	段落樣式
	Character style	字元樣式
	Linked style (paragraph and character)	連結樣式（段落和字元）
	Table style	表格樣式
	Built-in style	內建樣式
	Show in the Styles gallery	在樣式庫中顯示
	Hide from style lists	從樣式清單中隱藏
	Built-in styles can't be deleted.	無法刪除內建樣式。
	Delete Table Style	刪除表格樣式
	Password	密碼
	Password:	密碼：
	Confirm password:	確認密碼：
	Encrypt with Password…	以密碼加密…
	Change Password…	變更密碼…
	Remove Password	移除密碼
	A password is required to open this document.	開啟此文件需要密碼。
	Anyone can open this document. Encrypt it with a password to keep it private.	任何人都可以開啟此文件。以密碼加密可保護其隱私。
	Anyone who opens the document will need this password.	開啟文件的任何人都需要此密碼。
	{name} is protected with a password.	{name} 受密碼保護。
	That password isn't right. Check it (passwords are case-sensitive) and try again.	密碼不正確。請檢查密碼（區分大小寫）後再試一次。
	The document will be saved with a password. Save it to protect it.	文件將以密碼儲存。儲存文件以保護它。
	The password is removed. Save the document to keep the change.	密碼已移除。儲存文件以保留此變更。
	The passwords don't match.	兩次輸入的密碼不一致。
	Keep the password somewhere safe: without it nobody, WordCraft included, can open the document. Leave both boxes empty to remove the password.	請妥善保管密碼：沒有密碼，任何人（包括 WordCraft）都無法開啟文件。兩個方塊都留空可移除密碼。

# Interface text routed through translation (#313)
	Align Top Left	靠上靠左對齊
	Align Top Center	靠上置中對齊
	Align Top Right	靠上靠右對齊
	Align Center Left	垂直置中靠左對齊
	Align Center	置中對齊
	Align Center Right	垂直置中靠右對齊
	Align Bottom Left	靠下靠左對齊
	Align Bottom Center	靠下置中對齊
	Align Bottom Right	靠下靠右對齊
	{contributors} contributors · {commits} commits	{contributors} 位貢獻者 · {commits} 次提交
	{cols}×{rows} Table	{cols}×{rows} 表格
	AaBbYyZz	AaBbYyZz 中文
	pt	點
	Document1	文件1
	Username	使用者名稱
	Display name	顯示名稱
	Real name	真實姓名
	Name	名稱
	PRs	PR
	Commits	提交
	First	首次
	Last	最近
	Model	模型
	Version	版本
	% of all commits	佔全部提交的百分比
	Lines +/−	行數 +/−
	Craft	工藝
	Studio	工作室
	Atelier	畫室
	Darkroom	暗房
	Gallery	畫廊
	Sketchbook	素描本
	Change Picture…	變更圖片…
	Font…	字型…
	Paragraph…	段落…
	Link…	連結…
	Size and Crop…	大小和裁剪…
	Insert Columns to the Left	插入左方欄
	Insert Columns to the Right	插入右方欄
	Insert Rows Above	插入上方列
	Insert Rows Below	插入下方列
	Mon	週一
	Tue	週二
	Wed	週三
	Sum	合計
	North	北區
	South	南區
	West	西區
	Total	總計
	Rotation	旋轉角度
	Rotation:	旋轉：
	Rotate Right 90°	向右旋轉 90°
	Rotate Left 90°	向左旋轉 90°
	Flip Vertical	垂直翻轉
	Flip Horizontal	水平翻轉
	Formatted	已設定格式
	Interface size:	介面大小：
	Makes the ribbon, menus and dialogs larger or smaller, on top of your system's display scaling. Document zoom is separate.	在系統顯示縮放的基礎上放大或縮小功能區、功能表與對話方塊。文件縮放另行設定。
